location,season_year,match_name,match_type,mean_air_temp,std_air_temp,med_air_temp,max_air_temp,min_air_temp,range_air_temp,skew_air_temp,mean_track_temp,std_track_temp,med_track_temp,max_track_temp,min_track_temp,range_track_temp,skew_track_temp,mean_HUMIDITY,std_HUMIDITY,med_HUMIDITY,max_HUMIDITY,min_HUMIDITY,range_HUMIDITY,skew_HUMIDITY,mean_PRESSURE,std_PRESSURE,med_PRESSURE,max_PRESSURE,min_PRESSURE,range_PRESSURE,skew_PRESSURE,mean_WIND_SPEED,std_WIND_SPEED,med_WIND_SPEED,max_WIND_SPEED,min_WIND_SPEED,range_WIND_SPEED,skew_WIND_SPEED
Mexico,2016-2017,Groups Qualifying Session,Q,27.10183571428572,0.5749678437759033,27.4444,27.7222,26.3889,1.3333000000000013,-0.4067878629524634,21.57409999999999,0.2095698032614051,21.6667,21.6667,21.1111,0.5555999999999983,-1.8558017135458564,31.142857142857142,0.3541688016605738,31.0,32,31,1,2.117634293262182,779.4364761904761,0.19819997761502728,779.4984999999999,779.7189999999999,779.143,0.5759999999999081,-0.1845131351922359,7.165412619047618,1.516477922712184,8.04672,8.04672,3.21869,4.82803,-1.4170199749076227
Mexico,2016-2017,Non Qualifying Practice 1,FP1,16.88888000000001,1.024915247183439,17.3333,19.2222,15.0556,4.166600000000001,-0.6148845678696244,21.91358444444444,0.8167896947405396,21.6667,23.3333,20.5556,2.777700000000003,0.15891049204913033,55.15555555555556,0.3665288997383889,55.0,56,55,1,1.9669123855518476,780.8246666666665,0.06107967970379964,780.802,780.938,780.7339999999999,0.20400000000006457,0.15862608816302728,2.6107126666666667,1.6909915023661546,3.21869,4.82803,0.0,4.82803,-0.1541614353320201
Mexico,2016-2017,Non Qualifying Practice 2,FP2,25.54631333333333,0.21936849133023925,25.6667,25.7778,25.1667,0.6111000000000004,-0.9184975343463543,20.555600000000016,0.0,20.5556,20.5556,20.5556,0.0,0.0,33.266666666666666,0.44977644510880493,33.0,34,33,1,1.1116633728541518,780.3913666666667,0.06275594948212461,780.3960000000001,780.5310000000001,780.26,0.27100000000007185,0.4751895927399501,5.9545733333333315,2.9020560235678494,6.43738,14.4841,1.60934,12.87476,0.8989928709595969
Mexico,2016-2017,Race,Race,27.26217719298246,0.1759225661817722,27.2778,27.5,26.9444,0.5555999999999983,-0.6459544802991027,23.245589473684216,0.2043593418503388,23.3333,23.3333,22.7778,0.5555000000000021,-1.9274871235809912,34.36842105263158,0.48666426339228913,34.0,35,34,1,0.5604012729971584,777.9013508771931,0.12051696549625113,777.89,778.2289999999999,777.687,0.5419999999999163,0.6437457145656493,7.48203877192983,3.310648507950772,6.43738,19.3121,3.21869,16.093410000000002,1.2710793963760594
Mexico,2016-2017,Super Pole Session,Q,27.817464285714284,0.14522317894639677,27.8889,27.9444,27.5556,0.38880000000000337,-1.3836383561975625,22.222199999999994,0.0,22.2222,22.2222,22.2222,0.0,0.0,30.642857142857142,0.49724515809884623,31.0,31,30,1,-0.6703601390665901,778.8768571428571,0.060904537083527534,778.889,778.9739999999999,778.77,0.2039999999999509,-0.43589437629370825,6.782233571428569,3.167426039235127,6.43738,16.0934,3.21869,12.874709999999999,1.9833452481069749
Hong Kong,2017-2018,Non Qualifying Practice 1,FP1,78.2745688953494,318.93366710970867,19.0,1802.61,18.3333,1784.2767,5.225431920855145,25.620549418604426,9.037335556716709,23.8889,73.8889,23.3333,50.555600000000005,5.147002355556013,81.15770348837209,32.70263872648572,75.0,255,74,181,5.129958140598661,985.1992805232446,181.18445505207535,1018.56,1019.07,0.0,1019.07,-5.2575117905910425,10.753901351743858,48.06652115505871,2.12187,270.538,0.0,270.538,5.219593189909281
Marrakesh,2017-2018,Non Qualifying Practice 1,FP1,8.476543555555555,0.4578912387543358,8.44444,9.38889,7.888889999999999,1.5000000000000009,0.25829821177765583,9.123455555555553,0.2774942773411212,8.88889,9.44444,8.88889,0.5555500000000002,0.3259107645735326,85.04444444444445,0.9034166348709881,85.0,86,84,2,-0.09006538483862281,963.9700444444443,0.08550277920939613,964.003,964.071,963.7660000000001,0.30499999999995,-0.7583074772549857,1.7210702222222223,1.0188413424806027,2.12187,4.24374,0.0,4.24374,0.03798298598581817
Marrakesh,2017-2018,Non Qualifying Practice 2,FP2,10.561103333333332,0.41197109580844266,10.3333,11.4444,10.2222,1.222199999999999,1.0316396395884906,12.777800000000008,0.0,12.7778,12.7778,12.7778,0.0,0.0,90.6,1.6938020891595862,91.0,93,88,5,-0.1386762428700491,965.0813333333332,0.046467143255154476,965.087,965.189,964.985,0.2039999999999509,0.14794809393256836,2.7584283333333337,1.1351654516628187,3.1828,4.24374,1.06093,3.18281,-0.18820792907295547
Marrakesh,2017-2018,Qualifying Group 1,Q,10.953666666666669,0.02269860494979168,10.9444,11.0,10.9444,0.055600000000000094,2.4494897427827675,13.888900000000001,0.0,13.8889,13.8889,13.8889,0.0,0.0,92.83333333333333,0.4082482904638644,93.0,93,92,1,-2.449489742783127,964.4718333333334,0.04957183340034621,964.4604999999999,964.545,964.41,0.1349999999999909,0.424506310667963,1.2377566666666666,1.0431030591780788,1.5914,2.12187,0.0,2.12187,-0.45593555907427397
Marrakesh,2017-2018,Qualifying Group 2,Q,11.101849999999999,0.02265778012074446,11.1111,11.1111,11.0556,0.05550000000000033,-2.449489742782884,13.888900000000001,0.0,13.8889,13.8889,13.8889,0.0,0.0,92.66666666666667,0.5163977794943199,93.0,93,92,1,-0.9682458365518958,964.3646666666667,0.017557524502865105,964.3760000000001,964.3760000000001,964.342,0.0340000000001055,-0.968245836551854,2.652335,1.1127184920679623,2.652335,4.24374,1.06093,3.18281,0.0
Marrakesh,2017-2018,Qualifying Group 3,Q,11.17595,0.0226577801207445,11.1667,11.2222,11.1667,0.05550000000000033,2.449489742783238,13.888900000000001,0.0,13.8889,13.8889,13.8889,0.0,0.0,92.0,0.0,92.0,92,92,0,0.0,964.1895,0.09010826821105823,964.2065,964.308,964.071,0.23699999999996635,-0.1436242547104585,1.5914,0.581100770159531,1.5914,2.12187,1.06093,1.06094,0.0
Marrakesh,2017-2018,Qualifying Group 4,Q,11.448414285714287,0.11626070741188667,11.4722,11.6111,11.2778,0.33330000000000126,-0.10960424250449746,14.682514285714287,0.2853298195668762,14.4444,15.0,14.4444,0.5556000000000001,0.3245367068207569,92.07142857142857,0.26726124191242456,92.0,93,92,1,3.7416573867739658,963.8388571428574,0.041869498982649855,963.834,963.9019999999999,963.732,0.16999999999995907,-1.176879674153468,2.27343,0.9171127215342725,2.12187,4.24374,1.06093,3.18281,0.5273698653378788
Marrakesh,2017-2018,Race,Race,15.457455319148941,0.24634801365098766,15.5556,15.7778,15.0556,0.7221999999999991,-0.4392388833813258,13.888900000000001,0.0,13.8889,13.8889,13.8889,0.0,0.0,75.95744680851064,0.5089395115895264,76.0,77,75,2,-0.08186958512325906,963.0825106382978,0.09998062254442447,963.0889999999999,963.326,962.954,0.37200000000007094,0.5924129431527423,3.543971914893618,1.731697129962444,3.1828,7.426539999999999,1.06093,6.365609999999999,0.5794819561259583
Marrakesh,2017-2018,Super Pole,Q,11.845031578947372,0.06023895060167259,11.8889,11.8889,11.7222,0.16669999999999874,-1.0493912673491828,15.497115789473687,0.1751816621020651,15.5556,15.5556,15.0,0.5556000000000001,-2.798439564022598,91.05263157894737,0.4046513191112583,91.0,92,90,2,0.4984060665163724,963.7377368421053,0.05424516579101538,963.732,963.834,963.6310000000001,0.20299999999986085,-0.19049525288835747,2.121867894736842,1.118324210179275,2.12187,4.24374,0.0,4.24374,0.31808779521353886
Hong Kong,2017-2018,Non Qualifying Practice 2,FP2,21.74201896551724,0.5075982796003726,22.0556,22.2222,20.7222,1.5,-0.7534382237454176,27.19668908045987,0.5369942026643338,27.2222,27.7778,26.1111,1.6666999999999987,-0.4123650840134461,67.89080459770115,1.1146042802185994,67.0,70,67,3,0.927492459628241,1019.4675287356321,0.05756310215906245,1019.47,1019.54,1019.37,0.16999999999995907,-0.3420349732842399,1.2316576436781628,0.95947785213238,1.06093,4.24374,0.0,4.24374,0.4819879583133518
Hong Kong,2017-2018,Qualifying 1 Group 1,Q,23.638905555555564,0.0733258829548669,23.6389,23.7778,23.5556,0.22220000000000084,0.23691002651434634,31.6667,0.0,31.6667,31.6667,31.6667,0.0,0.0,63.72222222222222,0.701472374412204,64.0,65,63,2,0.44904193496987593,1018.9333333333333,0.022424476423287574,1018.93,1018.96,1018.9,0.06000000000005912,-0.18600759793551963,1.9745147222222224,1.050357090605683,2.12187,5.30467,0.0,5.30467,0.8539017237460707
Hong Kong,2017-2018,Qualifying 1 Group 2,Q,24.079385714285714,0.027866352711567205,24.0556,24.1111,24.0556,0.0555000000000021,0.30176503527898463,32.12697142857143,0.2124150121694769,32.2222,32.2222,31.6667,0.5555000000000021,-1.8226897558339614,62.51428571428571,0.5070925528371095,63.0,63,62,1,-0.059758381647459405,1018.6988571428569,0.042341151486992884,1018.69,1018.76,1018.63,0.12999999999999545,0.04727482205845872,3.849675142857143,1.857049164320155,4.24374,7.426539999999999,1.06093,6.365609999999999,0.2609914949522372
Hong Kong,2017-2018,Qualifying 1 Group 3,Q,24.294749999999993,0.09277484110930728,24.2778,24.4444,24.1667,0.27770000000000294,0.06805809858272553,32.29936666666668,0.19486902561171177,32.2222,32.7778,32.2222,0.5555999999999983,2.180287949311716,62.138888888888886,0.35073618720609934,62.0,63,62,1,2.180287949311577,1018.6666666666669,0.039569107719487843,1018.6600000000001,1018.73,1018.63,0.10000000000002274,0.3854315056033598,2.4165719444444447,1.2581595379120123,2.12187,5.30467,1.06093,4.24374,0.6205335006069286
Hong Kong,2017-2018,Qualifying 1 Group 4,Q,24.14398873239437,0.0647532713995345,24.1667,24.2222,24.0556,0.16660000000000252,-0.2001734583936463,32.777800000000006,0.0,32.7778,32.7778,32.7778,0.0,0.0,62.859154929577464,0.7425010754756471,63.0,64,62,2,0.23358485240519322,1018.3973239436618,0.07439196858499389,1018.39,1018.52,1018.29,0.2300000000000182,-0.04854477262439654,2.749462535211269,1.807396328402283,2.12187,7.426539999999999,0.0,7.426539999999999,0.4898986544084697
Hong Kong,2017-2018,Race 1,Race,23.528076586433283,0.26161877891563073,23.4444,23.9444,23.0,0.9444000000000017,0.0038350690995974874,27.856792122538273,0.3839006531290386,27.7778,28.3333,27.2222,1.1111000000000004,-0.19530053416609336,67.69365426695842,0.8623605879881635,68.0,70,66,4,-0.3544660312525474,1015.0997374179441,0.42985352587417514,1015.31,1015.51,1014.02,1.490000000000009,-1.4354010484575905,2.3841996936542493,1.1513763252449454,2.12187,5.30467,0.0,5.30467,0.15803012458609927
Hong Kong,2017-2018,Super Pole 1,Q,24.13644264705882,0.032470571365911256,24.1111,24.2222,24.1111,0.11110000000000042,0.8685031183221729,32.77780000000001,0.0,32.7778,32.7778,32.7778,0.0,0.0,62.955882352941174,0.47106812668916825,63.0,64,62,2,-0.1509902564186473,1018.0894117647067,0.07352291455053131,1018.08,1018.19,1017.98,0.21000000000003638,0.026664597186062528,2.355896764705882,1.4646424866579917,2.12187,6.3656,0.0,6.3656,0.6064932760095524
Buenos,2016-2017,Groups Qualifying Session,Q,26.299227272727283,0.06799764142160165,26.2778,26.4444,26.2222,0.22220000000000084,0.6342377874509968,26.25,0.24336324271955392,26.1111,26.6667,26.1111,0.5555999999999983,1.1958608382118507,74.93181818181819,0.8995535655735869,75.0,76,73,3,-0.6650059282205547,1008.2361363636362,0.12620057695465148,1008.23,1008.47,1008.03,0.44000000000005457,0.053279296184235506,4.462272045454547,2.0493503007046026,4.82803,8.04672,0.0,8.04672,0.0950713975400268
Buenos,2016-2017,Non Qualifying Practice 1,FP1,23.775070731707324,0.03502805478400317,23.7778,23.8333,23.7222,0.11110000000000042,0.032068142094925034,23.888900000000014,0.0,23.8889,23.8889,23.8889,0.0,0.0,77.95121951219512,0.312347523777212,78.0,79,77,2,-1.2282916205460297,1008.3741463414632,0.24241468199924132,1008.44,1008.71,1008.0,0.7100000000000364,-0.11801171612174143,2.6299034146341467,2.240289631996955,1.60934,8.04672,0.0,8.04672,0.877672811531107
Buenos,2016-2017,Non Qualifying Practice 2,FP2,25.161911428571432,0.06784523812423748,25.1667,25.2222,25.0556,0.16660000000000252,-0.6491704652300182,26.01587142857143,0.21241501216947536,26.1111,26.1111,25.5556,0.5555000000000021,-1.8226897558340154,76.97142857142858,0.5680572819973801,77.0,78,76,2,-0.010002192317386851,1008.5365714285718,0.11201215420239773,1008.54,1008.71,1008.23,0.4800000000000182,-0.707368536343247,2.391024857142858,1.8461687542366845,3.21869,6.43738,0.0,6.43738,0.16102561784975394
Buenos,2016-2017,Race,Race,29.32222,0.17228943221958296,29.2778,29.7222,29.0,0.7222000000000008,0.45896272585787556,26.111099999999997,0.0,26.1111,26.1111,26.1111,0.0,0.0,64.04444444444445,0.6013452931687142,64.0,65,63,2,-0.013719185322566715,1008.0031111111109,0.05057947042309743,1008.0,1008.1,1007.86,0.2400000000000091,0.07279664939873619,4.291584000000001,2.115092149960503,3.21869,11.2654,1.60934,9.65606,1.2852136407839303
Buenos,2016-2017,Super Pole Session,Q,26.36109166666667,0.05024687160471306,26.3333,26.4444,26.2778,0.16660000000000252,0.442216479579602,26.111100000000004,0.0,26.1111,26.1111,26.1111,0.0,0.0,75.08333333333333,0.5149286505444383,75.0,76,74,2,0.2108475192760244,1008.1208333333335,0.08680786865607326,1008.1,1008.3,1008.03,0.2699999999999818,0.8601471169241157,3.3528000000000007,1.4489529809047383,3.21869,6.43738,1.60934,4.82804,0.7120877405200026
Santiago,2017-2018,Non Qualifying Practice 1,FP1,16.597242857142852,0.18120122113187534,16.6667,16.7222,16.1667,0.5555000000000021,-2.049598334024597,28.968257142857148,0.19795149317646907,28.8889,29.4444,28.8889,0.5555000000000021,2.158648492369555,83.64285714285714,0.48795003647426594,84.0,84,83,1,-0.6305815855974869,946.3735000000003,0.09052787579687663,946.3939999999999,946.4960000000001,946.191,0.30500000000006366,-0.9128125715069437,1.5156189285714283,1.170365923291734,1.06093,4.24374,0.0,4.24374,0.46204364142119175
Santiago,2017-2018,Non Qualifying Practice 2,FP2,20.461109999999998,0.37797301249217846,20.4722,21.0556,19.8333,1.222299999999997,-0.11192788691109593,30.259266666666672,0.49976807540638324,30.0,31.1111,29.4444,1.6666999999999987,0.10631728945169705,73.63333333333334,0.9278574999588415,73.0,75,72,3,0.2748338786707137,946.1626666666664,0.03580823767037504,946.1569999999999,946.225,946.0889999999999,0.13600000000008095,-0.5446811216409975,1.1316613333333332,0.8327438586807919,1.06093,3.1828,0.0,3.1828,0.3375274227045651
Santiago,2017-2018,Qualifying Group 1,Q,23.537066666666664,0.028711716539884274,23.5556,23.5556,23.5,0.05559999999999832,-0.9682458365516687,35.0,0.0,35.0,35.0,35.0,0.0,0.0,67.0,0.6324555320336753,67.0,68,66,2,0.0,945.785,0.0,945.785,945.785,945.785,0.0,0.0,2.29869,0.7986421900951639,2.12187,3.1828,1.06093,2.12187,-0.31258399728633374
Santiago,2017-2018,Qualifying Group 2,Q,23.89998,0.07244368157403343,23.8889,24.0,23.8333,0.16669999999999874,0.5413273647983778,35.5556,0.0,35.5556,35.5556,35.5556,0.0,0.0,66.2,0.44721359549995915,66.0,67,66,1,2.236067977499758,945.7102000000001,0.028446440902191353,945.717,945.7510000000001,945.683,0.06800000000009732,0.5122408325599751,1.0609319999999998,1.2993726588896657,1.06093,3.1828,0.0,3.1828,1.3608327655565553
Santiago,2017-2018,Qualifying Group 3,Q,24.120366666666666,0.022698604949790386,24.1111,24.1667,24.1111,0.05559999999999832,2.449489742783413,36.1111,0.0,36.1111,36.1111,36.1111,0.0,0.0,65.5,0.5477225575051661,65.5,66,65,1,0.0,945.632,0.018622566955153522,945.632,945.6489999999999,945.615,0.03399999999987813,0.0,1.768225,0.866249800086557,2.12187,2.12187,0.0,2.12187,-2.449489742783178
Santiago,2017-2018,Qualifying Group 4,Q,24.5,0.09940440634096671,24.4722,24.6667,24.3889,0.27779999999999916,0.9435177002039418,36.6667,0.0,36.6667,36.6667,36.6667,0.0,0.0,65.16666666666667,0.4082482904638627,65.0,66,65,1,2.4494897427831273,945.5590000000001,0.017041126723328325,945.548,945.581,945.548,0.03300000000001546,0.9682458365318405,1.4145766666666664,1.095728310881245,1.06093,3.1828,0.0,3.1828,0.6656719002570394
Santiago,2017-2018,Race,Race,29.562140677966106,0.2587486952281914,29.6111,29.8889,29.0556,0.8333000000000013,-0.43393978021884205,36.29002203389834,0.26183580276498547,36.1111,36.6667,36.1111,0.5555999999999983,0.7817675607404855,55.76271186440678,0.7031697458000685,56.0,57,55,2,0.36973301341313913,944.3232203389829,0.06577864337321418,944.328,944.4639999999999,944.193,0.27099999999995816,0.3903570017032586,2.1758135593220342,1.1043799639909715,2.12187,4.24374,0.0,4.24374,-0.19927150396053486
Santiago,2017-2018,Super Pole,Q,25.44443684210526,0.18425358495088073,25.3889,25.8333,25.1667,0.6666000000000025,0.7659776256895798,37.54386315789473,0.2818321411575892,37.7778,37.7778,37.2222,0.5555999999999983,-0.34789168623840555,63.36842105263158,0.49559462778335195,63.0,64,63,1,0.5934641551186968,945.3800526315788,0.06718669981159267,945.378,945.5139999999999,945.2769999999999,0.23699999999996635,0.4541819313578443,1.6193178947368416,1.5960478132338813,1.06093,6.3656,0.0,6.3656,1.8038227679939227
Mexico city,2017-2018,Non Qualifying Practice 1,FP1,12.162795348837209,0.6165440802043227,11.8889,13.2222,11.4444,1.777800000000001,0.4999236868535728,19.444399999999984,0.0,19.4444,19.4444,19.4444,0.0,0.0,79.81395348837209,1.8804231280864137,81.0,82,76,6,-0.7316962214113923,784.4562790697674,0.09673585182178973,784.4910000000001,784.6260000000001,784.2539999999999,0.3720000000001846,-0.4499801442718383,1.554390930232558,1.0183718773302852,2.12187,3.1828,0.0,3.1828,-0.06560084109315863
Mexico city,2017-2018,Non Qualifying Practice 2,FP2,18.296937931034485,0.48461827792146533,18.2222,19.2222,17.6111,1.6111000000000004,0.34195493296890755,20.49809310344828,11.791050000891447,26.6667,28.3333,0.0,28.3333,-1.2608686694310918,61.51724137931034,1.454566446333072,62.0,64,59,5,-0.18621190322623016,784.1814482758623,0.08959336160305255,784.186,784.322,784.0169999999999,0.30500000000006366,-0.05588368772182226,2.195035172413793,1.1317400639490018,2.12187,4.24374,0.0,4.24374,-0.14541695883399725
Mexico city,2017-2018,Qualifying Group 1,Q,22.0,0.0,22.0,22.0,22.0,0.0,0.0,33.5185,0.28691060628704473,33.3333,33.8889,33.3333,0.5555999999999983,0.9682458365518172,48.666666666666664,0.5163977794943223,49.0,49,48,1,-0.9682458365518337,783.1025,0.05641542342304443,783.0854999999999,783.17,783.035,0.1349999999999909,0.3882232938682742,3.1828016666666663,1.5003886657985213,3.1828,5.30467,1.06093,4.24374,-1.999481912676412e-06
Mexico city,2017-2018,Qualifying Group 2,Q,22.481466666666666,0.167277155244423,22.4722,22.7222,22.2778,0.4444000000000017,0.2809929342570947,34.166650000000004,0.30425988069412063,34.166650000000004,34.4444,33.8889,0.5555000000000021,0.0,47.0,0.0,47.0,47,47,0,0.0,782.9273333333334,0.050046644909235855,782.9159999999999,783.0010000000001,782.865,0.13600000000008095,0.4180715202926597,2.29869,0.7986421900951639,2.12187,3.1828,1.06093,2.12187,-0.31258399728633374
Mexico city,2017-2018,Qualifying Group 3,Q,22.96664,0.030453374197286193,22.9444,23.0,22.9444,0.05559999999999832,0.6085806194500678,35.0,0.0,35.0,35.0,35.0,0.0,0.0,44.8,0.44721359549995715,45.0,45,44,1,-2.236067977499758,782.7163999999999,0.05689288180436516,782.73,782.798,782.6619999999999,0.13600000000008095,0.5122408325758387,3.8193619999999995,2.6629219308627885,3.1828,8.48747,2.12187,6.365600000000001,2.0173449450322307
Mexico city,2017-2018,Qualifying Group 4,Q,23.333333333333332,0.14487202168350824,23.30555,23.5556,23.1667,0.3888999999999996,0.6097501448002217,35.5556,0.0,35.5556,35.5556,35.5556,0.0,0.0,42.833333333333336,0.4082482904638636,43.0,43,42,1,-2.449489742783204,782.527,0.056892881804305705,782.544,782.595,782.459,0.13600000000008095,-0.3841806244329493,3.005978333333333,1.827353149004501,2.652335,6.3656,1.06093,5.30467,1.4351507025748929
Mexico city,2017-2018,Race,Race,27.435375510204082,0.19223397693372268,27.5,27.6667,27.0,0.6666999999999987,-0.9446965015702552,41.065781632653085,0.45128265286914665,41.1111,41.6667,40.5556,1.1111000000000004,0.15342722270354747,31.306122448979593,0.6520506636966257,31.0,32,30,2,-0.40331026106678963,779.2108571428566,0.09862703314340988,779.2080000000001,779.4789999999999,779.039,0.4399999999999409,0.877396174603816,2.489946530612245,1.642893070707067,2.12187,6.3656,0.0,6.3656,0.8256289464750884
Mexico city,2017-2018,Super Pole,Q,24.049999999999997,0.0611436559805408,24.0556,24.1111,23.9444,0.16669999999999874,-0.3887602664508021,36.7778,0.23421936536314075,36.6667,37.2222,36.6667,0.5555000000000021,1.7787811838447136,40.9,0.7378647873726222,41.0,42,39,3,-1.9084299581774111,782.1981999999999,0.07526220831202021,782.188,782.324,782.12,0.2039999999999509,0.44868079531766014,4.03155,2.110046894033927,4.24374,7.426539999999999,1.06093,6.365609999999999,0.1313477958529569
Hong Kong2,2017-2018,Non Qualifying Practice 3,FP1,20.956984962406004,0.18380294287837373,20.9444,21.2222,20.6111,0.6111000000000004,-0.19996929128688978,24.872587969924783,0.23401318622340103,25.0,25.0,24.4444,0.5555999999999983,-1.2950319182664278,73.84210526315789,0.7656996333422745,74.0,75,73,2,0.2764662045378764,1018.4962406015022,0.06689447058120743,1018.49,1018.66,1018.35,0.30999999999994543,0.3958894629776385,1.2563679323308272,0.8791643928570949,1.06093,3.1828,0.0,3.1828,0.20561914065296966
Hong Kong2,2017-2018,Qualifying 2 Group 1,Q,22.495234285714282,0.020766119789031354,22.5,22.5556,22.4444,0.11119999999999663,-1.0527932886097646,28.603162857142856,0.2817406223562965,28.3333,28.8889,28.3333,0.5555999999999983,0.05975838164745371,71.85714285714286,0.3550358012483637,72.0,72,71,1,-2.1338010277048456,1017.679142857143,0.02160765503936695,1017.68,1017.71,1017.64,0.07000000000005002,-0.4766717081734361,2.5462417142857148,0.7804721032603043,2.12187,4.24374,0.0,4.24374,-0.8086273687973413
Hong Kong2,2017-2018,Qualifying 2 Group 2,Q,22.488877142857135,0.050087300760560456,22.5,22.6111,22.4444,0.16669999999999874,0.6749516134061543,29.07935714285715,0.2675254625437443,28.8889,29.4444,28.8889,0.5555000000000021,0.6921459546543035,72.31428571428572,0.47100821595360715,72.0,73,72,1,0.8363747820020816,1017.5611428571431,0.03644265669359498,1017.54,1017.64,1017.51,0.12999999999999545,0.21987148493887138,2.4856171428571434,0.9257195985050238,2.12187,4.24374,1.06093,3.18281,0.37397010065268016
Hong Kong2,2017-2018,Qualifying 2 Group 3,Q,22.78096285714285,0.03284523499968986,22.7778,22.8889,22.7222,0.16669999999999874,0.8966279599584497,29.85713142857143,0.24637502710947087,30.0,30.0,29.4444,0.5555999999999983,-1.1617175051228463,71.14285714285714,0.6482037235521659,71.0,72,70,2,-0.14024771473217557,1017.4920000000006,0.04135925815703901,1017.51,1017.58,1017.41,0.17000000000007276,-0.40486774020773014,2.8796777142857146,0.8753010549656806,3.1828,5.30467,1.06093,4.24374,0.25846971490557497
Hong Kong2,2017-2018,Qualifying 2 Group 4,Q,23.119068571428574,0.05577664370678345,23.1111,23.2222,23.0556,0.16660000000000252,0.2529154657429779,30.539725714285726,0.09391354078543242,30.5556,30.5556,30.0,0.5555999999999983,-5.9160797830994785,70.28571428571429,0.4583492485141037,70.0,71,70,1,0.9917011013304771,1017.3737142857143,0.03573478403342356,1017.37,1017.44,1017.31,0.13000000000010914,-0.27383933537030897,2.394678571428572,1.0402272835698905,2.12187,5.30467,1.06093,4.24374,0.43652070472775434
Hong Kong2,2017-2018,Race 2,Race,23.523021575342376,0.19406781057123906,23.4444,23.8889,23.2778,0.6111000000000004,0.3896891579024203,27.762573287671145,0.1948092062612441,27.7778,28.3333,27.2222,1.1111000000000004,-0.4061759154960116,70.5,1.2668113500295124,71.0,72,68,4,-0.566761395158943,1014.1894863013697,0.06395936599886039,1014.19,1014.43,1014.12,0.30999999999994543,1.265526849129818,3.3572023630136982,1.5462322885754354,3.1828,7.426539999999999,0.0,7.426539999999999,0.10716708123559246
Hong Kong2,2017-2018,Super Pole 2,Q,23.392204477611944,0.09997450498158933,23.3889,23.5556,23.2222,0.3333999999999975,-0.02723133853869631,31.50084925373135,0.2561632323894729,31.6667,31.6667,31.1111,0.5555999999999983,-0.9009399598643449,69.92537313432835,0.26477164751518706,70.0,70,69,1,-3.3119976596918885,1017.0229850746267,0.05131645507773476,1017.03,1017.1,1016.93,0.17000000000007276,-0.19441604702407853,2.296050298507462,0.934386117003241,2.12187,4.24374,0.0,4.24374,-0.19458755117051454
Punta,2017-2018,Non Qualifying Practice 1,FP1,19.462534883720934,0.4230512407800985,19.5,20.1667,18.7778,1.3888999999999996,-0.02457004890759048,23.88890000000001,0.0,23.8889,23.8889,23.8889,0.0,0.0,88.72093023255815,1.7365206235368953,88.0,91,86,5,0.10952679248429355,1010.3325581395353,0.11505884670896192,1010.33,1010.53,1010.16,0.37000000000000455,0.20149679982486854,1.5790627906976744,1.4341240046425643,1.06093,5.30467,0.0,5.30467,1.329962980852274
Punta,2017-2018,Non Qualifying Practice 2,FP2,25.32183793103448,0.4398039461053669,25.2778,26.1111,24.6667,1.4444000000000017,0.2502982398280514,24.789255172413796,0.2743574878384124,25.0,25.0,24.4444,0.5555999999999983,-0.5250246515206782,68.03448275862068,1.3491467838359839,68.0,70,66,4,-0.16047830989465175,1009.445172413793,0.11047367784924488,1009.45,1009.69,1009.28,0.41000000000008185,0.2465112840965465,2.085283448275862,1.1855766874583977,2.12187,5.30467,0.0,5.30467,0.5667678256073013
Punta,2017-2018,Qualifying Group 1,Q,27.527783333333335,0.13027843131795333,27.5278,27.7222,27.3889,0.33330000000000126,0.3485846424613551,32.5,0.3043146529498687,32.5,32.7778,32.2222,0.5555999999999983,0.0,61.333333333333336,0.5163977794943216,61.0,62,61,1,0.9682458365518337,1008.685,0.025099800796034088,1008.7,1008.7,1008.64,0.06000000000005912,-1.5367224976998421,2.475511666666666,2.8203047666194987,1.06093,7.426539999999999,0.0,7.426539999999999,1.3804996353333
Punta,2017-2018,Qualifying Group 2,Q,27.98888,0.046518297475293145,28.0,28.0556,27.9444,0.11119999999999663,0.5122408325717303,33.55554,0.30431465294986854,33.3333,33.8889,33.3333,0.5555999999999983,0.6085806194501846,60.4,0.547722557505166,60.0,61,60,1,0.6085806194501975,1008.54,0.04415880433166907,1008.53,1008.6,1008.5,0.10000000000002274,0.5516221448449304,3.3949860000000003,2.943971183788998,3.1828,6.3656,0.0,6.3656,0.009360625546546502
Punta,2017-2018,Qualifying Group 3,Q,28.29630555555556,0.1077939508955549,28.2778,28.5556,28.1667,0.3888999999999996,1.2624405726265182,35.06172777777778,0.5001688583169304,35.0,36.1111,34.4444,1.6666999999999987,0.306698473063384,59.72222222222222,0.46088859896247575,60.0,60,59,1,-1.0848608560193624,1008.2716666666669,0.09069989298908736,1008.26,1008.43,1008.09,0.33999999999991815,-0.11337763423903947,3.7132683333333336,3.028229059024529,2.652335,12.7312,1.06093,11.670269999999999,1.7843049020667399
Punta,2017-2018,Qualifying Group 4,Q,28.84256666666667,0.022698604949790112,28.8333,28.8889,28.8333,0.05559999999999832,2.4494897427827094,36.4815,0.28691060628704473,36.6667,36.6667,36.1111,0.5555999999999983,-0.9682458365518172,59.0,0.0,59.0,59,59,0,0.0,1008.1166666666667,0.06377042156575892,1008.11,1008.23,1008.06,0.17000000000007276,1.2465309359238752,2.652335,0.5810952929339559,2.652335,3.1828,2.12187,1.06093,0.0
Punta,2017-2018,Race,Race,30.213155102040815,0.18403373678624746,30.1667,30.5556,29.8889,0.6666999999999987,0.2319110472901423,36.21316122448979,0.5745813787069742,36.1111,37.2222,35.5556,1.6666000000000025,0.5576323093320688,51.95918367346939,0.9991492980170131,52.0,53,49,4,-1.0915806813279647,1004.5777551020409,0.2034828545820512,1004.57,1004.98,1004.13,0.8500000000000227,-0.09012894637303459,1.8403944897959186,1.1617023318049633,1.06093,4.24374,0.0,4.24374,0.5578794116922869
Punta,2017-2018,Super Pole,Q,28.90596923076923,0.076542443395972,28.8889,29.0556,28.8333,0.22229999999999706,0.7011814218290915,37.222199999999994,0.0,37.2222,37.2222,37.2222,0.0,0.0,55.76923076923077,0.7250110520819845,56.0,57,55,2,0.39451956119459025,1007.7469230769232,0.052183109557378635,1007.72,1007.82,1007.65,0.17000000000007276,-0.1178143642253303,3.264411538461538,2.3905007968932863,3.1828,9.54841,1.06093,8.487480000000001,1.7471302631242072
Rome,2017-2018,Non Qualifying Practice 1,FP1,14.829462790697676,0.4070555443690092,14.8889,15.3889,14.0556,1.3332999999999995,-0.34996569824032947,15.94316511627907,0.41173197875023265,16.1111,16.6667,15.0,1.6666999999999987,-0.17707536558205325,72.86046511627907,1.6268783334501054,73.0,76,70,6,0.13135295408039033,1011.0506976744188,0.07417467636273864,1011.04,1011.18,1010.9,0.2799999999999727,0.16883878250287823,1.9738297674418608,1.193625161289854,2.12187,6.3656,0.0,6.3656,1.3391349269407795
Rome,2017-2018,Non Qualifying Practice 2,FP2,19.89846206896552,0.35512338943547245,19.9444,20.4444,19.2778,1.1666000000000025,-0.0818591766671157,24.616858620689655,0.6980778300433461,24.4444,25.5556,23.3333,2.222299999999997,-0.17444716499120944,59.689655172413794,0.8063785124981444,60.0,61,58,3,0.20616346872979494,1010.7320689655173,0.0779825672068936,1010.74,1010.84,1010.63,0.21000000000003638,0.09551717703066555,2.6340431034482763,1.9360379193602428,2.12187,7.426539999999999,0.0,7.426539999999999,0.5030914797523439
Rome,2017-2018,Qualifying Group 1,Q,23.0,0.0,23.0,23.0,23.0,0.0,0.0,29.4444,0.0,29.4444,29.4444,29.4444,0.0,0.0,54.4,0.5477225575051652,54.0,55,54,1,0.6085806194501975,1010.1600000000001,0.05385164807132619,1010.16,1010.23,1010.09,0.13999999999998636,0.0,2.758428,0.5810952929339559,3.1828,3.1828,2.12187,1.06093,-0.6085806194501846
Rome,2017-2018,Qualifying Group 2,Q,23.120399999999993,0.07385114758756282,23.1667,23.1667,23.0,0.16669999999999874,-1.2069191964625088,29.9074,0.2268227501817213,30.0,30.0,29.4444,0.5555999999999983,-2.4494897427831552,53.666666666666664,1.0327955589886446,53.0,55,53,2,0.9682458365518647,1010.0166666666668,0.0258198889747076,1010.02,1010.06,1009.99,0.06999999999993634,0.7591047358368402,2.4755116666666663,1.597287922641584,2.1218649999999997,4.24374,1.06093,3.18281,0.21489316325634944
Rome,2017-2018,Qualifying Group 3,Q,23.1204,0.05461801900471968,23.1389,23.1667,23.0556,0.11110000000000042,-0.45523392185336986,30.0,0.0,30.0,30.0,30.0,0.0,0.0,54.0,0.0,54.0,54,54,0,0.0,1009.8366666666666,0.06022181221667832,1009.82,1009.92,1009.75,0.16999999999995907,0.09004700985122023,3.1828033333333328,0.9489291118870085,3.1828,4.24374,2.12187,2.12187,7.903646234616264e-06
Rome,2017-2018,Qualifying Group 4,Q,23.287050000000004,0.022657780120744545,23.2778,23.3333,23.2778,0.0555000000000021,2.4494897427822364,30.0,0.0,30.0,30.0,30.0,0.0,0.0,52.5,0.5477225575051667,52.5,53,52,1,0.0,1009.6700000000001,0.0363318042491877,1009.6700000000001,1009.72,1009.62,0.10000000000002274,0.0,3.005978333333333,1.6997055723555967,3.1828,5.30467,1.06093,4.24374,-0.04053242445881237
Rome,2017-2018,Race,Race,25.748016071428566,0.4420300836231906,25.75,26.2778,25.0556,1.2222000000000008,-0.209950510218938,15.000019642857149,12.638475513294813,25.0,26.6667,0.0,26.6667,-0.37183384940581804,46.55357142857143,2.5790741316649544,47.5,50,42,8,-0.43970251074964645,1006.9078571428576,0.07990253803488141,1006.94,1007.01,1006.74,0.2699999999999818,-0.6222140441809628,1.5156185714285713,1.04846055249057,1.06093,3.1828,0.0,3.1828,0.20572941306362638
Rome,2017-2018,Super Pole,Q,24.031262500000004,0.09291202918173018,24.0556,24.1667,23.8333,0.3333999999999975,-0.5644513628287985,29.930549999999997,0.1897735281855718,30.0,30.0,29.4444,0.5555999999999983,-2.509457330439086,50.875,0.34156502553198753,51.0,51,50,1,-2.5094573304390857,1009.3874999999998,0.08504900548119283,1009.38,1009.48,1009.25,0.2300000000000182,-0.2526522304759006,2.055559375,1.5721288076807138,2.12187,6.3656,0.0,6.3656,1.3857117429854602
Paris,2017-2018,Non Qualifying Practice 1,FP1,11.842969565217395,0.02154796836621584,11.8333,11.8889,11.8333,0.055600000000000094,1.8430640438723724,18.888899999999992,0.0,18.8889,18.8889,18.8889,0.0,0.0,80.91304347826087,0.28810406552003326,81.0,81,80,1,-3.1403996438884607,1006.6660869565216,0.06457829148578272,1006.67,1006.77,1006.54,0.2300000000000182,-0.22599783929053166,3.5979482608695657,2.115562928789774,3.1828,10.6093,1.06093,9.548369999999998,1.663399849337721
Paris,2017-2018,Non Qualifying Practice 2,FP2,13.605368965517242,0.08952586658713389,13.6111,13.7778,13.4444,0.33339999999999925,-0.09562385931845332,19.36777931034482,0.19494228336193406,19.4444,19.4444,18.8889,0.5555000000000021,-2.2163255098093937,68.79310344827586,0.8610338613230183,69.0,70,67,3,-0.6525073625567562,1007.1755172413792,0.0900232591729527,1007.18,1007.35,1007.01,0.34000000000003183,0.09775785676115067,4.060816206896552,1.8390996543328586,3.1828,8.48747,1.06093,7.42654,0.7707971621099503
Paris,2017-2018,Qualifying Group 1,Q,14.481466666666668,0.04539720989958185,14.4722,14.5556,14.4444,0.11120000000000019,0.8573214099739944,20.5556,0.0,20.5556,20.5556,20.5556,0.0,0.0,65.66666666666667,0.5163977794943239,66.0,66,65,1,-0.9682458365518953,1007.2633333333333,0.052788887719527264,1007.265,1007.35,1007.21,0.13999999999998636,0.7228395290266647,3.1828016666666663,1.8978559877020877,2.652335,6.3656,1.06093,5.30467,0.943336114724244
Paris,2017-2018,Qualifying Group 2,Q,14.7963,0.028660076761935258,14.7778,14.8333,14.7778,0.05550000000000033,0.9682458365516682,20.5556,0.0,20.5556,20.5556,20.5556,0.0,0.0,61.666666666666664,0.8164965809277253,61.5,63,61,2,0.8573214099741256,1007.2083333333334,0.052313159593594345,1007.21,1007.28,1007.15,0.12999999999999545,0.09103798759993752,4.243735,1.6435908525755427,4.243735,6.3656,2.12187,4.243729999999999,0.0
Paris,2017-2018,Qualifying Group 3,Q,15.037016666666666,0.15182565549559385,15.027750000000001,15.2222,14.8333,0.38890000000000136,-0.09473824257638994,21.111099999999997,0.0,21.1111,21.1111,21.1111,0.0,0.0,62.333333333333336,0.5163977794943216,62.0,63,62,1,0.9682458365518335,1007.1566666666666,0.06683312551920177,1007.145,1007.25,1007.08,0.16999999999995907,0.32515826717622787,3.359615,3.7006031366616434,2.1218649999999997,10.6093,1.06093,9.548369999999998,2.039823012218624
Paris,2017-2018,Qualifying Group 4,Q,15.333333333333334,0.049685437168920404,15.3333,15.3889,15.2778,0.11110000000000042,0.0015094960870350078,21.666699999999995,0.0,21.6667,21.6667,21.6667,0.0,0.0,59.833333333333336,0.408248290463864,60.0,60,59,1,-2.4494897427832036,1007.1533333333333,0.025819888974683604,1007.15,1007.18,1007.11,0.06999999999993634,-0.7591047358566534,1.7682216666666664,0.8662506165866012,1.5914,3.1828,1.06093,2.12187,0.8573120593446387
Paris,2017-2018,Race,Race,15.699164150943389,0.07813353238167707,15.6667,15.8333,15.5556,0.2776999999999994,0.2718272991834121,22.882611320754716,0.21942124981271927,22.7778,23.3333,22.7778,0.5555000000000021,1.6381329373401996,58.490566037735846,0.5046949386828405,58.0,59,58,1,0.038850881263913124,1006.0230188679242,0.13161109530125248,1005.99,1006.23,1005.72,0.5099999999999909,-0.3735121428216283,2.9225726415094337,1.569566018948882,3.1828,8.48747,0.0,8.48747,0.996967948215884
Paris,2017-2018,Super Pole,Q,15.21112,0.057378253720377435,15.2222,15.2778,15.1111,0.16669999999999874,-0.27206388871292525,22.222199999999997,0.0,22.2222,22.2222,22.2222,0.0,0.0,60.5,0.5270462766947305,60.5,61,60,1,0.0,1007.2060000000001,0.0455094617756863,1007.21,1007.28,1007.15,0.12999999999999545,0.6252531783825575,3.3949890000000003,1.3967854949645395,3.1828,5.30467,1.06093,4.24374,-0.08764276013584142
Monaco,2016-2017,Non Qualifying Practice 1,FP1,17.89815476190476,0.20928695460304303,17.80555,18.2778,17.6111,0.6666999999999987,0.3726401448009546,18.478809523809527,0.3020522905864947,18.3333,19.4444,18.3333,1.1111000000000004,2.0274339283971976,76.80952380952381,0.7066960307707048,77.0,78,75,3,-0.1457815684935989,1011.2895238095238,0.13996432264832118,1011.28,1011.52,1011.04,0.4800000000000182,0.09862646013633043,1.8009309523809538,1.189672540936206,1.60934,4.82803,0.0,4.82803,0.18559654577904952
Monaco,2016-2017,Non Qualifying Practice 2,FP2,16.900796428571425,0.18104447679884111,16.8889,17.3333,16.6667,0.6666000000000025,0.7069843130077239,23.749989285714292,0.3586167420223563,23.8889,24.4444,23.3333,1.1111000000000004,0.2778315537383452,82.07142857142857,0.6042179781166452,82.0,83,81,2,-0.022140894355870362,1012.8774999999998,0.11504025060499586,1012.89,1013.04,1012.7,0.33999999999991815,-0.20818727519605085,3.4485942857142855,1.4991321919288,3.21869,8.04672,0.0,8.04672,0.5861011926912952
Monaco,2016-2017,Qualifying Group 1,Q,17.324083333333334,0.08899461594201563,17.3611,17.3889,17.1667,0.22220000000000084,-1.3533893589371244,31.666699999999995,0.0,31.6667,31.6667,31.6667,0.0,0.0,81.33333333333333,0.5163977794943253,81.0,82,81,1,0.9682458365518952,1014.0333333333332,0.03559026084009175,1014.02,1014.09,1013.99,0.10000000000002274,0.7482827694830697,1.3411183333333332,1.2114702405658453,1.60934,3.21869,0.0,3.21869,0.3125792137148771
Monaco,2016-2017,Qualifying Group 2,Q,17.268533333333334,0.022698604949790327,17.2778,17.2778,17.2222,0.05559999999999832,-2.4494897427834137,31.666699999999995,0.0,31.6667,31.6667,31.6667,0.0,0.0,81.0,0.0,81.0,81,81,0,0.0,1014.1933333333333,0.031411250638408814,1014.19,1014.23,1014.16,0.07000000000005002,0.23661688986046617,2.682238333333333,1.3140255065319952,2.414015,4.82803,1.60934,3.21869,0.8573152457159547
Monaco,2016-2017,Qualifying Group 3,Q,17.518516666666667,0.13457355485632008,17.55555,17.6667,17.3333,0.3333999999999975,-0.45506253900335814,32.03703333333333,0.2868589665090971,32.2222,32.2222,31.6667,0.5555000000000021,-0.968245836551854,80.33333333333333,0.5163977794943253,80.0,81,80,1,0.9682458365518952,1014.2983333333333,0.02714160398109082,1014.29,1014.33,1014.26,0.07000000000005002,0.08168988730163249,3.2186866666666663,1.4394419277020754,3.21869,4.82803,1.60934,3.21869,-5.210352604980901e-06
Monaco,2016-2017,Qualifying Group 4,Q,17.74444,0.06332797959827889,17.7222,17.8333,17.6667,0.16660000000000252,0.4051462591612122,32.7778,0.0,32.7778,32.7778,32.7778,0.0,0.0,79.8,0.44721359549995915,80.0,80,79,1,-2.236067977499758,1014.374,0.0585662018573541,1014.36,1014.43,1014.29,0.13999999999998636,-0.5122408325777462,1.287474,1.3464740327908296,1.60934,3.21869,0.0,3.21869,0.5122484109493172
Monaco,2016-2017,Race,Race,20.418446808510645,0.18781346302053706,20.4444,20.7778,20.0,0.7777999999999992,-0.45401546145297156,25.16549787234042,0.3046429067737313,25.0,25.5556,24.4444,1.1111999999999966,0.054993819158685606,71.34042553191489,1.4030494079229914,72.0,73,68,5,-0.9399058425118246,1014.666170212766,0.14480201162859235,1014.6,1014.94,1014.43,0.5100000000001046,0.32904772128630566,2.7050668085106384,1.6130632093764774,3.21869,8.04672,0.0,8.04672,1.0997904274695633
Monaco,2016-2017,Superpole,Q,18.670649999999995,0.07048069839434098,18.6667,18.7778,18.5556,0.22220000000000084,-0.15302879871790526,33.88889999999999,0.0,33.8889,33.8889,33.8889,0.0,0.0,76.57142857142857,0.5135525910130989,77.0,77,76,1,-0.3245367068207619,1014.4350000000002,0.030064034224426037,1014.43,1014.5,1014.4,0.10000000000002274,0.5449361386589605,2.2990607142857145,1.0399700333734792,1.60934,4.82803,1.60934,3.21869,1.3031467408487878
Berlin,2017-2018,Non Qualifying Practice 1,FP1,15.551775,0.3929176202936306,15.6667,16.0556,14.8333,1.2222999999999988,-0.46416324725867275,14.797965909090898,0.3408268208842096,15.0,15.5556,13.8889,1.6667000000000005,-0.2353726273348465,64.75,1.9780775256987284,64.0,68,61,7,0.11922234123128793,1015.3604545454542,0.08561554264060602,1015.37,1015.58,1015.17,0.41000000000008185,0.04092569053099482,1.977194772727273,1.2446537082079339,2.12187,5.30467,0.0,5.30467,0.2764619049834564
Berlin,2017-2018,Non Qualifying Practice 2,FP2,18.287358620689652,0.17192457756079577,18.2222,18.6667,18.0556,0.6111000000000004,0.9841266502682021,17.586213793103457,0.268757766298599,17.7778,17.7778,17.2222,0.5555999999999983,-0.689096365662721,41.62068965517241,1.0146707102534827,42.0,43,40,3,-0.02252965471842954,1015.5603448275865,0.05288010418599433,1015.58,1015.71,1015.48,0.2300000000000182,0.6189708093419284,4.060817586206897,1.5548332251578239,4.24374,7.426539999999999,1.06093,6.365609999999999,0.1737127778860885
Berlin,2017-2018,Qualifying Group 1,Q,20.518533333333334,0.028711716539883483,20.5,20.5556,20.5,0.05559999999999832,0.9682458365516687,20.5556,0.0,20.5556,20.5556,20.5556,0.0,0.0,42.0,0.0,42.0,42,42,0,0.0,1015.0683333333333,0.04119061381758817,1015.085,1015.1,1015.0,0.10000000000002274,-1.0583791022160352,5.127848333333334,3.0318740086977005,4.774205,9.54841,1.06093,8.487480000000001,0.24994689440755133
Berlin,2017-2018,Qualifying Group 2,Q,20.564833333333333,0.0418098871879214,20.5556,20.6111,20.5,0.11110000000000042,-0.3152520381074976,20.5556,0.0,20.5556,20.5556,20.5556,0.0,0.0,42.0,0.0,42.0,42,42,0,0.0,1015.0583333333334,0.0343025752191711,1015.07,1015.1,1015.0,0.10000000000002274,-0.9480701157658755,4.774203333333333,2.9054877842707696,4.774205,8.48747,1.06093,7.42654,-2.4780707261132944e-06
Berlin,2017-2018,Qualifying Group 3,Q,20.648166666666665,0.02871171653988331,20.6667,20.6667,20.6111,0.05559999999999832,-0.9682458365516686,20.462999999999997,0.2268227501817213,20.5556,20.5556,20.0,0.5555999999999983,-2.4494897427831552,43.0,0.0,43.0,43,43,0,0.0,1014.8933333333333,0.03829708431023962,1014.9,1014.93,1014.83,0.09999999999990905,-0.8949174040267924,3.0059799999999997,1.5616564135686184,3.7132699999999996,4.24374,1.06093,3.18281,-0.7107201113339006
Berlin,2017-2018,Qualifying Group 4,Q,20.566660000000002,0.10686556040184432,20.5556,20.7222,20.4444,0.27779999999999916,0.5891544090790667,20.5556,0.0,20.5556,20.5556,20.5556,0.0,0.0,43.0,0.0,43.0,43,43,0,0.0,1014.866,0.0650384501660192,1014.9,1014.93,1014.77,0.15999999999996817,-0.8945426725619928,3.6071740000000005,2.866485745268935,3.1828,8.48747,1.06093,7.42654,1.7035496159758146
Berlin,2017-2018,Race,Race,21.817605660377364,0.16785317693092897,21.8333,22.0556,21.4444,0.6111999999999966,-0.6913812903526972,21.0377320754717,0.18987701361021275,21.1111,21.1111,20.5556,0.5555000000000021,-2.2372066506117814,48.471698113207545,0.5039754872284373,48.0,49,48,1,0.11671902880687068,1014.0715094339624,0.08520103435663713,1014.09,1014.19,1013.88,0.3100000000000591,-0.5195015737311598,3.943472264150942,1.6951642005089305,3.1828,8.48747,1.06093,7.42654,0.9843518927732774
Berlin,2017-2018,Super Pole,Q,20.504608333333334,0.08691726952927167,20.4722,20.7222,20.4444,0.27779999999999916,1.7166321749162925,20.694474999999997,0.2512343278694227,20.5556,21.1111,20.5556,0.5555000000000021,1.3266499161421343,44.75,0.4522670168666455,45.0,45,44,1,-1.3266499161421599,1014.92,0.04112066501054496,1014.9,1015.0,1014.87,0.12999999999999545,0.7436807053971881,3.4480375000000003,1.5752447160427023,3.1828,7.426539999999999,2.12187,5.30467,1.487263460780228
Paris,2016-2017,Non Qualifying Practice 1,FP1,10.14227853658537,0.3572513874260045,10.0556,10.9444,9.61111,1.3332899999999999,0.5488712511259913,16.666699999999995,0.0,16.6667,16.6667,16.6667,0.0,0.0,82.78048780487805,0.7586894991348994,83.0,84,81,3,-0.3252194051312896,1015.784146341463,0.11646835642686054,1015.75,1015.99,1015.62,0.37000000000000455,0.15385698159481004,2.669154878048781,1.6336938147157838,3.21869,8.04672,0.0,8.04672,1.0516345393339608
Paris,2016-2017,Non Qualifying Practice 2,FP2,13.577396428571433,0.10728241539711594,13.5556,13.7222,13.2778,0.4444000000000017,-1.0715404111173827,17.57937142857143,0.27110504026510157,17.7778,17.7778,17.2222,0.5555999999999983,-0.6305815855975018,72.46428571428571,0.6372477195601853,73.0,73,71,2,-0.7820684487483642,1016.7517857142858,0.05242656743999202,1016.77,1016.83,1016.63,0.20000000000004547,-0.6816809026308397,4.080836071428572,1.883035189853003,4.02336,8.04672,1.60934,6.437380000000001,0.4304702457069086
Paris,2016-2017,Qualifying Group 1,Q,15.03334,0.06336306495112143,15.0556,15.1111,14.9444,0.16670000000000051,-0.4067796237044192,22.55556,0.3043146529498692,22.7778,22.7778,22.2222,0.5555999999999983,-0.6085806194501847,69.8,0.44721359549995715,70.0,70,69,1,-2.236067977499758,1017.3280000000001,0.07190271204900536,1017.34,1017.41,1017.24,0.16999999999995907,-0.20498361916569283,8.046732,7.10668472008362,4.82803,17.7028,0.0,17.7028,0.49355423577748314
Paris,2016-2017,Qualifying Group 2,Q,15.064816666666667,0.09569004998779483,15.0556,15.2222,14.9444,0.27780000000000094,0.6770821677234028,24.074066666666667,0.28685896650909737,23.8889,24.4444,23.8889,0.5555000000000021,0.9682458365518544,70.16666666666667,0.4082482904638627,70.0,71,70,1,2.4494897427831273,1017.4000000000001,0.05830951894849801,1017.395,1017.48,1017.31,0.17000000000007276,-0.2542214321013558,7.24205,4.288229739172097,6.43738,14.4841,3.21869,11.26541,0.9990211588880358
Paris,2016-2017,Qualifying Group 3,Q,15.111133333333333,0.08605769382609996,15.11115,15.2222,15.0,0.22220000000000084,-0.0008715083121775154,24.7222,0.30431465294986937,24.7222,25.0,24.4444,0.5555999999999983,0.0,69.5,0.5477225575051674,69.5,70,69,1,0.0,1017.54,0.048989794855643296,1017.53,1017.61,1017.48,0.12999999999999545,0.3521141505296374,9.924296666666667,2.95291222069107,8.04672,14.4841,8.04672,6.437379999999999,1.095396967363194
Paris,2016-2017,Qualifying Group 4,Q,14.71112,0.07244368157403377,14.7222,14.7778,14.6111,0.16669999999999874,-0.5413273647982495,25.6667,0.2484271523002273,25.5556,26.1111,25.5556,0.5555000000000021,2.236067977499789,69.8,0.44721359549995915,70.0,70,69,1,-2.236067977499758,1017.7280000000001,0.0589067059001239,1017.71,1017.82,1017.68,0.14000000000010004,1.1462466420544755,7.724850000000001,3.095630937708822,8.04672,11.2654,3.21869,8.04671,-0.5901319009021928
Paris,2016-2017,Race,Race,18.552519999999998,0.40465367149187537,18.6111,19.0556,17.9444,1.1111999999999966,-0.2701529587787355,33.43434363636365,0.6598594984466345,33.8889,34.4444,32.2222,2.222200000000001,-0.22809202584085975,58.21818181818182,0.9562834906439172,58.0,61,57,4,0.5956626556919355,1018.1265454545455,0.06150032164382228,1018.12,1018.26,1017.95,0.30999999999994543,-0.4585174828128397,3.9209472727272736,2.0952097040475492,3.21869,8.04672,0.0,8.04672,0.2230539288372824
Paris,2016-2017,Superpole,Q,15.257572727272729,0.1615104460455057,15.3333,15.4444,15.0,0.4443999999999999,-0.5134378340543944,27.52525454545455,0.2901526369469561,27.7778,27.7778,27.2222,0.5555999999999983,-0.2127615795014371,68.54545454545455,0.8201995322647249,69.0,69,67,2,-1.504797534846536,1017.6581818181817,0.05288065465139259,1017.65,1017.78,1017.61,0.16999999999995907,1.2551674960746324,5.705857272727273,1.6668390103791724,6.43738,8.04672,3.21869,4.82803,-0.1472811160925607
Newyork,2017-2018,Non Qualifying Practice 1,FP1,23.22118518518519,0.23558339100200482,23.2222,23.6667,22.8333,0.8333999999999975,0.04268432716739133,27.942392592592594,0.25603600266579085,27.7778,28.3333,27.7778,0.5555000000000021,0.9179147788680049,72.29629629629629,0.6028119525811498,72.0,74,71,3,0.3109195740071931,1019.35962962963,0.06535715990465579,1019.34,1019.51,1019.24,0.2699999999999818,0.536731841612863,2.7309225925925933,1.2297083561164353,3.1828,5.30467,0.0,5.30467,0.15294218430376935
Newyork,2017-2018,Non Qualifying Practice 2,FP2,26.353709999999996,0.43585729501832343,26.41665,26.9444,25.7222,1.2222000000000008,-0.22113101321011147,33.759249999999994,0.8467333455393585,33.8889,35.0,32.2222,2.777799999999999,-0.20308684360863669,65.8,1.030567302759618,66.0,67,64,3,-0.3807546774616289,1018.6890000000002,0.07979931725571182,1018.675,1018.83,1018.56,0.2700000000000955,0.27693843388494815,1.9804096666666668,1.328422037738068,2.12187,4.24374,0.0,4.24374,-0.18334862310683275
Newyork,2017-2018,Qualifying 1 Group 1,Q,28.877760000000002,0.07241300297598599,28.8889,28.9444,28.7778,0.16660000000000252,-0.541446800340875,39.4444,0.0,39.4444,39.4444,39.4444,0.0,0.0,60.6,0.5477225575051667,61.0,61,60,1,-0.6085806194501975,1018.126,0.013416407865001366,1018.12,1018.15,1018.12,0.029999999999972715,2.2360679775082644,4.8802959999999995,2.442452533700502,5.30467,8.48747,2.12187,6.365600000000001,0.6064821086440709
Newyork,2017-2018,Qualifying 1 Group 2,Q,29.19445,0.1437818173483723,29.22225,29.3333,29.0,0.33330000000000126,-0.41558848779947855,40.1852,0.28691060628704473,40.0,40.5556,40.0,0.5555999999999983,0.9682458365518172,59.5,0.5477225575051664,59.5,60,59,1,0.0,1018.14,0.03687817782916483,1018.15,1018.19,1018.08,0.11000000000001364,-0.5742276824546084,3.3596233333333334,2.059049606800833,2.652335,6.3656,1.06093,5.30467,0.6383654135253789
Newyork,2017-2018,Qualifying 1 Group 3,Q,29.5,0.04973015181959322,29.5,29.5556,29.4444,0.11119999999999663,0.0,40.64818333333333,0.2267819253526773,40.5556,41.1111,40.5556,0.5555000000000021,2.449489742783249,59.666666666666664,0.5163977794943216,60.0,60,59,1,-0.9682458365518337,1018.0949999999999,0.04549725266429687,1018.1,1018.15,1018.02,0.12999999999999545,-0.7358303833477673,4.066915,1.4101498754635975,4.24374,6.3656,2.12187,4.243729999999999,0.440048806995228
Newyork,2017-2018,Qualifying 1 Group 4,Q,29.9722,0.03045337419728615,29.9722,30.0,29.9444,0.05559999999999832,0.0,41.4815,0.28691060628704457,41.6667,41.6667,41.1111,0.5555999999999983,-0.9682458365518172,58.666666666666664,0.5163977794943216,59.0,59,58,1,-0.9682458365518335,1018.1133333333333,0.01632993161854431,1018.12,1018.12,1018.08,0.03999999999996362,-2.449489742783179,4.243736666666667,0.9489291118870083,4.24374,5.30467,3.1828,2.12187,-7.903646234616264e-06
Newyork,2017-2018,Race 1,Race,31.887958333333327,0.1271384942062761,31.8889,32.1111,31.6111,0.5,-0.5841789276570402,44.39813999999997,0.5535904357702305,44.4444,45.0,43.3333,1.6666999999999987,-0.2537384501903586,53.9,0.8772066606129538,54.0,56,53,3,0.5111996848966814,1015.8078333333335,0.13357016396099608,1015.85,1016.05,1015.51,0.5399999999999636,-0.1195361385869237,3.8193624999999987,1.7273516873718924,4.24374,8.48747,1.06093,7.42654,0.29054754436718994
Newyork,2017-2018,Super Pole 1,Q,29.984135714285717,0.10088780216841677,29.9444,30.1667,29.8889,0.27779999999999916,0.7657108039538234,42.38094285714285,0.26046929750942643,42.2222,42.7778,42.2222,0.5555999999999983,1.0665364503850088,57.714285714285715,0.8254203058555581,58.0,59,56,3,-0.3321865799059737,1017.8771428571429,0.02920183646190673,1017.88,1017.91,1017.81,0.10000000000002274,-0.7952119557484172,5.456230714285715,1.7584799873862402,5.30467,8.48747,3.1828,5.30467,0.32820801199555705
Newyork,2016-2017,Non Qualifying Practice 1,FP1,21.224503358208974,0.18361552269878204,21.2222,21.5,20.9444,0.5555999999999983,0.1980666609197699,38.627705970149194,22.83975412753838,23.8889,73.8889,23.8889,50.00000000000001,0.9052939718117623,94.46268656716418,0.49953860985936865,94.0,95,94,1,0.15051483196857385,1013.4105970149275,0.07714242088287868,1013.41,1013.58,1013.24,0.34000000000003183,-0.23626921296578396,1.5834815671641782,0.8390199263032224,1.06093,4.24374,0.0,4.24374,0.8029093966611182
Newyork,2016-2017,Non Qualifying Practice 2,FP2,24.3488502793296,0.347990088063399,24.2778,25.0,23.9444,1.0555999999999983,0.4301904547308089,38.51648491620105,21.47168849283687,25.5556,73.8889,25.5556,48.33330000000001,1.0555652297289673,82.83240223463687,0.9800598096834703,83.0,84,81,3,-0.5986682170774861,1012.7013966480467,0.05187229554285313,1012.7,1012.8,1012.56,0.2400000000000091,-0.5637823034795757,3.265780782122903,1.623667214305858,3.1828,8.48747,1.06093,7.42654,0.989194827968707
Newyork,2016-2017,Qualifying 1 Group 1,Q,26.674386111111108,0.12538496413110448,26.6667,26.8333,26.4444,0.3888999999999996,-0.2460532687771903,29.21294166666665,0.27775000000000105,29.4444,29.4444,28.8889,0.5555000000000021,-0.3529411764705677,75.30555555555556,0.6242455764220881,75.0,77,75,2,1.9239708788565613,1012.5916666666667,0.0251282425057895,1012.6,1012.63,1012.56,0.07000000000005002,-0.06228364437198663,4.951025833333331,1.1895435561193208,5.30467,7.426539999999999,2.12187,5.30467,-0.0572348173945607
Newyork,2016-2017,Qualifying 1 Group 2,Q,26.961394444444437,0.03715466472882088,26.9444,27.0556,26.8889,0.16669999999999874,0.7756391369706154,29.444399999999987,0.0,29.4444,29.4444,29.4444,0.0,0.0,74.55555555555556,0.5039526306789724,75.0,75,74,1,-0.23344864509394445,1012.5908333333331,0.024304614494286256,1012.6,1012.63,1012.56,0.07000000000005002,-0.07734887386180589,3.3890961111111118,0.9080387810292112,3.1828,5.30467,2.12187,3.1828,-0.10714678281324186
Newyork,2016-2017,Qualifying 1 Group 3,Q,27.084142857142854,0.02814363668246167,27.1111,27.1111,27.0556,0.0555000000000021,-0.059758381646828174,29.444399999999984,0.0,29.4444,29.4444,29.4444,0.0,0.0,73.85714285714286,0.3550358012483665,74.0,74,73,1,-2.133801027704846,1012.5142857142857,0.0389030253085357,1012.5,1012.56,1012.43,0.12999999999999545,-0.27727757582588985,2.6674917142857146,1.1613818076692997,2.12187,5.30467,1.06093,4.24374,0.6748513619834092
Newyork,2016-2017,Qualifying 1 Group 4,Q,27.30159142857144,0.07889073371154792,27.3333,27.3889,27.1667,0.22220000000000084,-0.4344060883198948,30.825414285714277,0.4739226271815086,30.5556,31.6667,30.0,1.6666999999999987,0.04700450978763164,73.37142857142857,0.4902408943099016,73.0,74,73,1,0.556312775806256,1012.3451428571435,0.038909505006291145,1012.33,1012.39,1012.26,0.12999999999999545,-0.34364466776804226,2.606867714285715,1.1020413764947243,2.12187,5.30467,1.06093,4.24374,0.7888870827619427
Newyork,2016-2017,Race 1,Race,29.520401967213076,0.1699587757564821,29.5,29.7778,29.2222,0.5555999999999983,0.14633889315072007,33.364284262295115,0.3432551516866096,33.3333,33.8889,32.7778,1.1111000000000004,-0.03424052631766912,59.13442622950819,0.8497068468745788,59.0,61,58,3,0.16053755740550535,1010.829016393438,0.07205865935634723,1010.8,1010.97,1010.74,0.2300000000000182,0.4355272074253991,5.610775540983607,1.913215670705908,5.30467,12.7312,1.06093,11.670269999999999,0.46352992273550797
Newyork,2016-2017,Super Pole 1,Q,28.071613253012067,0.23894137599771217,28.2222,28.6111,27.6667,0.9444000000000017,-0.4207306920672043,33.52073493975898,0.49291999312056894,33.3333,34.4444,32.7778,1.6666000000000025,0.3485602639048897,70.60240963855422,0.8545396569333928,70.0,72,70,2,0.8738938585067566,1012.172168674699,0.04938766985377688,1012.19,1012.23,1012.09,0.13999999999998636,-0.39399582419091794,1.4060551807228914,0.6650039743111782,1.06093,3.1828,0.0,3.1828,0.5430667329966783
Newyork2,2017-2018,Non Qualifying Practice 3,FP1,22.10356363636364,0.04879596385762971,22.1111,22.1667,22.0556,0.11110000000000042,0.27698351544422994,12.840902272727272,11.859914142096546,23.3333,23.8889,0.0,23.8889,-0.18787048020447297,89.68181818181819,0.5612580251760466,90.0,91,89,2,0.04783118704709047,1015.0029545454546,0.2181164564711035,1014.93,1015.34,1014.77,0.57000000000005,0.7739425479600283,87.09298159090912,126.76944284160288,2.12187,270.538,0.0,270.538,0.8083476891895097
Newyork2,2017-2018,Qualifying 2 Group 1,Q,22.518533333333334,0.04539720989958043,22.5278,22.5556,22.4444,0.11119999999999663,-0.8573214099742293,23.333300000000005,0.0,23.3333,23.3333,23.3333,0.0,0.0,89.33333333333333,0.5163977794943253,89.0,90,89,1,0.9682458365518952,1015.21,0.0,1015.21,1015.21,1015.21,0.0,0.0,3.0059816666666666,1.043102720146327,2.652335,4.24374,2.12187,2.12187,0.4559429457980929
Newyork2,2017-2018,Qualifying 2 Group 2,Q,22.67595,0.022657780120744965,22.6667,22.7222,22.6667,0.0555000000000021,2.4494897427829434,23.333300000000005,0.0,23.3333,23.3333,23.3333,0.0,0.0,88.5,0.5477225575051674,88.5,89,88,1,0.0,1015.0749999999999,0.022583179581291156,1015.07,1015.1,1015.04,0.06000000000005912,-0.31256995958915224,3.713271666666667,0.88764250286738,4.24374,4.24374,2.12187,2.12187,-1.5367169797799718
Newyork2,2017-2018,Qualifying 2 Group 3,Q,22.75556,0.030453374197286193,22.7778,22.7778,22.7222,0.05559999999999832,-0.6085806194500678,23.44442,0.24847187365977563,23.3333,23.8889,23.3333,0.5555999999999983,2.236067977499789,89.0,0.0,89.0,89,89,0,0.0,1014.9399999999999,0.0489897948556821,1014.93,1015.0,1014.87,0.12999999999999545,-0.36146984050828396,1.0609319999999998,0.7501943329031485,1.06093,2.12187,0.0,2.12187,1.9994819132959733e-05
Newyork2,2017-2018,Qualifying 2 Group 4,Q,22.833300000000005,0.0,22.8333,22.8333,22.8333,0.0,0.0,23.333300000000005,0.0,23.3333,23.3333,23.3333,0.0,0.0,88.0,0.0,88.0,88,88,0,0.0,1015.38,0.03949683531626219,1015.39,1015.41,1015.31,0.10000000000002274,-1.285399965918087,4.066913333333333,1.827354890760595,4.24374,6.3656,1.06093,5.30467,-0.6784432004407146
Newyork2,2017-2018,Race 2,Race,26.98304237288135,0.3105667956380607,26.8889,27.8333,26.7222,1.1111000000000004,1.592899567667728,29.406764406779658,0.4597970593427561,29.4444,30.5556,28.8889,1.6666999999999987,0.6958984384716,75.50847457627118,0.7739928128493733,76.0,77,73,4,-0.9529300057638654,1013.1274576271187,0.17163105197240452,1013.11,1013.41,1012.87,0.5399999999999636,-0.0006034565921035502,2.7332535593220335,1.3098378307766443,3.1828,5.30467,0.0,5.30467,0.07463511550336525
Newyork2,2017-2018,Super Pole 2,Q,22.423076923076923,0.14441285811777055,22.4444,22.6111,22.2222,0.3888999999999996,-0.13858542113301323,23.333300000000005,0.0,23.3333,23.3333,23.3333,0.0,0.0,89.92307692307692,0.7595545253127514,90.0,91,89,2,0.13564569704576693,1015.4315384615386,0.060806544856925784,1015.44,1015.51,1015.34,0.16999999999995907,-0.3069941750411065,3.6724646153846154,1.1952513372830513,4.24374,5.30467,1.06093,4.24374,-0.7140152277022621
newyork2,2016-2017,Non Qualifying Practice 3,FP1,22.431793656716497,0.24481780399028125,22.4444,22.7778,22.0556,0.7222000000000008,-0.08072182634142139,26.111100000000064,0.0,26.1111,26.1111,26.1111,0.0,0.0,79.96268656716418,0.6693584207279366,80.0,81,79,2,0.04284316433903658,1013.6795149253677,0.0712656301352157,1013.72,1013.82,1013.55,0.2700000000000955,-0.21882973441756232,3.337192014925369,1.3762994524550727,3.1828,7.426539999999999,0.0,7.426539999999999,0.4114038612058943
newyork2,2016-2017,Qualifying 2 Group 1,Q,23.449066666666663,0.32513483884162503,23.7222,23.8333,23.1111,0.7222000000000008,-0.09819571097510614,26.666699999999995,0.0,26.6667,26.6667,26.6667,0.0,0.0,77.0,1.0141851056742206,77.0,78,76,2,0.0,1013.731666666667,0.030937725468177395,1013.72,1013.78,1013.68,0.10000000000002274,-0.21420015763525008,2.652334166666667,0.6945436828281059,3.1828,3.1828,1.06093,2.12187,-0.9704363313830391
newyork2,2016-2017,Qualifying 2 Group 2,Q,23.842561111111117,0.03872619104709199,23.8333,24.0,23.8333,0.16669999999999874,4.0513697165897105,26.666699999999995,0.0,26.6667,26.6667,26.6667,0.0,0.0,76.0,0.0,76.0,76,76,0,0.0,1013.7541666666665,0.012733532783266817,1013.75,1013.78,1013.72,0.05999999999994543,0.9005121684322117,3.1238594444444443,0.24646537413072214,3.1828,3.1828,2.12187,1.06093,-4.051369716589774
newyork2,2016-2017,Qualifying 2 Group 3,Q,24.02315,0.07786899437975474,24.0,24.2778,24.0,0.27779999999999916,3.147820888291167,26.666699999999995,0.0,26.6667,26.6667,26.6667,0.0,0.0,76.0,0.0,76.0,76,76,0,0.0,1013.6650000000004,0.03451707651916009,1013.665,1013.72,1013.61,0.11000000000001364,1.5015749955460582e-11,2.1513400000000007,0.3091681604841334,2.12187,3.1828,1.06093,2.12187,0.9186910534324222
newyork2,2016-2017,Qualifying 2 Group 4,Q,24.27779999999999,0.0,24.2778,24.2778,24.2778,0.0,0.0,26.666699999999995,0.0,26.6667,26.6667,26.6667,0.0,0.0,76.0,0.0,76.0,76,76,0,0.0,1013.6502857142859,0.02050619910365797,1013.65,1013.68,1013.61,0.06999999999993634,-0.5182400991310867,1.2124928571428566,0.37667168297643844,1.06093,2.12187,1.06093,1.06094,2.133801027704809
newyork2,2016-2017,Race 2,Race,28.94998123167155,0.26267564006205046,28.7778,29.5,28.6111,0.8888999999999996,0.2058023826305604,28.655906451612818,0.2745656498469912,28.8889,28.8889,28.3333,0.5555999999999983,-0.32830615545158515,62.95894428152493,1.1825013616972067,64.0,64,61,3,-0.4999513304949673,1013.1710263929658,0.08682200795922895,1013.21,1013.34,1012.94,0.39999999999997726,-0.6598621721642411,4.100620527859217,1.547949154588576,4.24374,7.426539999999999,1.06093,6.365609999999999,0.5331676361076821
newyork2,2016-2017,Super Pole 2,Q,25.932517142857154,0.3165165870010475,25.9444,26.3333,25.5,0.8333000000000013,-0.19028923529224692,26.96032142857142,0.2792983241660941,27.2222,27.2222,26.6667,0.5555000000000021,-0.11699486807079276,71.1,1.3846989941311496,72.0,72,69,3,-0.8921029934178164,1013.6218571428577,0.04287808322093992,1013.61,1013.68,1013.55,0.12999999999999545,0.07641278353046517,1.3640551428571424,0.7478611722012389,1.06093,3.1828,0.0,3.1828,1.3195317036534482
Montreal,2016-2017,Non Qualifying Practice 1,FP1,16.76764296577949,0.1366552351707274,16.7222,17.1111,16.5556,0.5555000000000021,0.7941046221949656,27.855935361216783,0.5157459094691139,27.7778,28.8889,27.2222,1.6666999999999987,0.5526330119041151,70.11026615969581,0.6648258721943783,70.0,71,69,2,-0.12643263508248762,1013.2651330798483,0.11371872260526515,1013.31,1013.44,1012.97,0.4700000000000273,-0.7265763426520239,5.022292053231938,2.0067487263769768,5.30467,11.6703,1.06093,10.609369999999998,0.524813163380157
Montreal,2016-2017,Non Qualifying Practice 2,FP2,19.282404166666677,0.29888972072880166,19.2778,19.8333,18.8333,1.0,0.27661782196218404,37.21836527777786,0.3802504313399182,37.2222,37.7778,36.6667,1.1111000000000004,0.008965837013203325,64.84722222222223,1.0331528528755125,65.0,67,63,4,0.5432031238824272,1013.5190277777779,0.050137146794970014,1013.51,1013.61,1013.38,0.2300000000000182,-1.1814774400630228,4.310044444444438,1.8954438552537685,4.24374,9.54841,0.0,9.54841,0.4568659498622004
Montreal,2016-2017,Qualifying 1 Group 1,Q,21.2114361111111,0.060577044934660526,21.1667,21.3333,21.1667,0.16660000000000252,0.9688160449413369,39.506133333333345,0.17708507075898308,39.4444,40.0,39.4444,0.5555999999999983,2.5838030231197555,59.833333333333336,0.999999999999996,60.0,61,58,3,-0.9176470588235365,1012.8875000000003,0.031018427702623703,1012.885,1012.94,1012.84,0.10000000000002274,0.2900360654940832,4.597380833333332,1.7570730473706633,4.24374,8.48747,2.12187,6.365600000000001,0.7103606217822235
Montreal,2016-2017,Qualifying 1 Group 2,Q,21.175924999999996,0.05864655573859399,21.1667,21.2778,21.1111,0.16669999999999874,0.26570301993408724,38.90433055555555,0.09258333333333338,38.8889,39.4444,38.8889,0.5555000000000021,6.000000000000059,56.416666666666664,0.500000000000001,56.0,57,56,1,0.35294117647060336,1012.7375000000001,0.05958787029012205,1012.73,1012.84,1012.63,0.21000000000003638,-0.3612266331694271,5.569903888888886,1.8000185152687065,5.30467,9.54841,3.1828,6.36561,0.5876815812305298
Montreal,2016-2017,Qualifying 1 Group 3,Q,21.29785,0.040168790301499675,21.2778,21.3889,21.2222,0.16669999999999874,1.2378879149760456,37.947536111111106,0.2595165969399695,37.7778,38.3333,37.7778,0.5555000000000021,0.8813898487215188,57.833333333333336,0.3779644730092256,58.0,58,57,1,-1.867589160751496,1012.6277777777782,0.0249698230568594,1012.63,1012.67,1012.6,0.06999999999993634,0.524414007662232,4.715262499999998,1.3041773126652347,4.24374,7.426539999999999,3.1828,4.243739999999999,0.5263733032685544
Montreal,2016-2017,Qualifying 1 Group 4,Q,21.607942857142852,0.1102572507572092,21.6111,21.7778,21.4444,0.3333999999999975,0.03541278028231038,37.12697142857144,0.21241501216947342,37.2222,37.2222,36.6667,0.5555000000000021,-1.8226897558340671,56.51428571428571,0.5070925528371121,57.0,57,56,1,-0.05975838164745942,1012.5614285714282,0.029320024992281497,1012.56,1012.6,1012.53,0.07000000000005002,0.2817193898331787,4.334673714285715,2.064479119675705,4.24374,8.48747,1.06093,7.42654,0.4820885899525885
Montreal,2016-2017,Race 1,Race,24.361020648967546,0.10915080354973572,24.3333,24.5556,24.1111,0.4444999999999979,-0.19995381777802654,29.044571091445405,0.24985185596879733,28.8889,29.4444,28.8889,0.5555000000000021,0.9830098078458545,48.50442477876106,0.9146140305868503,49.0,51,46,5,0.2786021012236563,1011.6677876106181,0.03657854918185164,1011.65,1011.75,1011.58,0.16999999999995907,0.48321111000788475,4.393956607669617,1.803941120309252,4.24374,10.6093,1.06093,9.548369999999998,0.7652013025292932
Montreal2,2016-2017,Non Qualifying Practice 3,FP1,20.05172605363986,0.46855723992680554,20.0,20.7222,19.3889,1.3333000000000013,0.10261636999806599,29.75308045977007,0.8881283313591966,29.4444,31.1111,28.3333,2.777799999999999,0.06910040463575977,69.26436781609195,1.322524713582753,69.0,71,67,4,-0.004177239743039282,1014.66931034483,0.029014310929834246,1014.66,1014.73,1014.6,0.12999999999999545,0.3184661802610117,1.2723067049808432,0.9970698942994577,1.06093,4.24374,0.0,4.24374,0.4607742384519276
Montreal2,2016-2017,Non Qualifying Practice 4,FP2,23.682078034682053,0.19414770265174955,23.7222,23.9444,23.2778,0.6666000000000025,-0.8947823866915599,38.439304046242725,0.6626419172575722,38.3333,39.4444,37.2222,2.222200000000001,-0.14643615046900907,54.71098265895954,0.6627511939230015,55.0,56,54,2,0.3976765143880722,1014.3312138728321,0.08791661901732312,1014.36,1014.49,1014.12,0.37000000000000455,-0.7296052813039243,2.7780525433525978,1.6236043649251373,2.12187,7.426539999999999,0.0,7.426539999999999,0.8117690291304105
Montreal2,2016-2017,Qualifying 2 Group 1,Q,25.012344444444437,0.13355767816499825,25.0,25.2222,24.8333,0.3888999999999996,0.023392939711857783,40.50929999999999,0.15573798875950945,40.5556,40.5556,40.0,0.5555999999999983,-3.1478208882910215,52.80555555555556,0.40138648595974336,53.0,53,52,1,-1.6120593148079068,1014.0250000000001,0.027307769694894485,1014.035,1014.05,1013.99,0.05999999999994543,-0.3476263610756115,2.9175675,1.5084037658822844,3.1828,6.3656,0.0,6.3656,0.532882204026327
Montreal2,2016-2017,Qualifying 2 Group 2,Q,25.39521714285713,0.05516421200121037,25.3889,25.4444,25.2778,0.16660000000000252,-0.8138446594791521,39.58726857142858,0.24637502710947073,39.4444,40.0,39.4444,0.5555999999999983,1.1617175051227087,52.0,0.5423261445466417,52.0,53,51,2,0.0,1013.9194285714284,0.02531482443422474,1013.92,1013.95,1013.88,0.07000000000005002,-0.3934997131272242,4.971233428571428,2.070879715187759,4.24374,10.6093,2.12187,8.48743,1.0243868189709575
Montreal2,2016-2017,Qualifying 2 Group 3,Q,25.20914705882353,0.03074446227834246,25.2222,25.2778,25.1667,0.11110000000000042,-0.07612672320900941,38.905238235294114,0.0952674640466642,38.8889,39.4444,38.8889,0.5555000000000021,5.830951894845181,56.0,0.0,56.0,56,56,0,0.0,1013.8676470588231,0.037014233423544145,1013.85,1013.92,1013.82,0.09999999999990905,0.3044907529030842,3.9941038235294117,2.0071916222378734,3.1828,8.48747,1.06093,7.42654,0.9595709767595628
Montreal2,2016-2017,Qualifying 2 Group 4,Q,25.303171428571424,0.054470739967483306,25.2778,25.3889,25.2222,0.16669999999999874,0.1266576379261713,37.74604285714286,0.2675542542954532,37.7778,38.3333,37.2222,1.1111000000000004,-0.17963451192411437,55.94285714285714,0.23550410797680357,56.0,56,55,1,-3.9888643449330856,1013.7874285714284,0.04507137197189556,1013.78,1013.88,1013.72,0.15999999999996817,-0.017576811631799978,4.364986571428572,1.6430165652881978,4.24374,8.48747,1.06093,7.42654,0.6046249706898685
Montreal2,2016-2017,Race 2,Race,27.424215015974436,0.16278231373470384,27.4444,27.7222,27.0556,0.6666000000000025,-0.4266057576712836,30.601743769967896,0.15355438390104495,30.5556,31.1111,30.5556,0.5555000000000021,3.036001359807535,53.29073482428115,0.7083366462752441,53.0,54,52,2,-0.48312891937512287,1012.5438977635803,0.09543498136463857,1012.53,1012.8,1012.36,0.4399999999999409,0.32425393124131346,5.087737827476035,2.0918265430606224,4.24374,13.7921,1.06093,12.731169999999999,0.9438120322438847
Montreal2,2016-2017,Super Pole 2,Q,25.7668,0.06112844059846694,25.7778,25.9444,25.6667,0.27770000000000294,1.442663465583953,36.22087037037039,0.4340785998654033,36.1111,36.6667,35.5556,1.1111000000000004,-0.3643761089401169,53.592592592592595,1.320774183743928,54.0,56,51,5,-0.23894241293830323,1013.8390123456793,0.048026163137187425,1013.85,1013.92,1013.75,0.16999999999995907,0.024159007493836558,4.361617037037033,2.3663818880130294,4.24374,11.6703,0.0,11.6703,0.4738013723023585
HongKong,2016-2017,Groups Qualifying Session,Q,29.94280735294118,0.31338182962507094,29.9444,30.7222,29.5,1.2222000000000008,1.0025141701742721,40.83334117647062,0.839526242775678,40.5556,42.2222,40.0,2.222200000000001,0.4544976910291226,67.80882352941177,0.7581862280818774,68.0,69,66,3,-0.9327191856076539,1007.6577941176472,0.23065672360447476,1007.72,1007.93,1007.25,0.67999999999995,-0.4833089117008939,3.5263564705882375,1.8705585894966228,3.21869,8.04672,0.0,8.04672,0.26061598781837797
HongKong,2016-2017,Non Qualifying Practice 1,FP1,27.03086888888889,0.11938502803614669,27.0556,27.1667,26.8333,0.3333999999999975,-0.3818630390609933,30.234586666666655,0.2775192520758259,30.0,30.5556,30.0,0.5555999999999983,0.3259107645735373,74.15555555555555,0.36652889973839387,74.0,75,74,1,1.9669123855519104,1008.178666666667,0.17800153216910064,1008.2,1008.47,1007.89,0.5800000000000409,-0.016790260202133176,1.6451060000000008,1.3932638371340351,1.60934,4.82803,0.0,4.82803,0.3959175738199707
HongKong,2016-2017,Non Qualifying Practice 2,FP2,29.961123333333326,0.3403369675861659,30.1667,30.2778,29.1667,1.1111000000000004,-1.0778933914125806,38.74072666666665,0.8372509535762682,38.8889,40.0,37.2222,2.777799999999999,-0.4828976483140473,67.63333333333334,0.8087168778415215,67.0,69,67,2,0.7922711774862199,1008.6850000000003,0.10565885246132466,1008.725,1008.84,1008.47,0.37000000000000455,-0.6837875455639106,3.4332656666666663,2.0151003676563732,3.21869,8.04672,0.0,8.04672,0.18335060399834824
HongKong,2016-2017,Race,Race,28.305561111111114,0.21522952594028016,28.2222,28.7778,28.0,0.7777999999999992,0.6056387540793211,36.87243333333336,0.5534166767574016,36.6667,37.7778,36.1111,1.6666999999999987,0.1351771315464968,71.79629629629629,0.7618158453656482,72.0,73,70,3,-0.16601935179369537,1007.0144444444443,0.19910807406343703,1006.98,1007.28,1006.71,0.5699999999999363,0.011513107201632851,3.1888850000000013,1.83602117222732,3.21869,6.43738,0.0,6.43738,0.43324719992968325
Berlin,2016-2017,Non Qualifying Practice 1,FP1,17.22765365853659,0.2631802368126835,17.1111,17.7222,16.7222,1.0,0.40627751440274623,36.59891707317073,1.6062880477832178,36.1111,39.4444,34.4444,5.0,0.34947085174429054,71.95121951219512,0.9473969472242121,72.0,74,70,4,0.6570547230702252,1013.1429268292682,0.13531895474096867,1013.18,1013.35,1012.87,0.4800000000000182,-0.4571338162447303,4.63177048780488,2.419243242166805,4.82803,11.2654,0.0,11.2654,1.0069071440502488
Berlin,2016-2017,Non Qualifying Practice 2,FP2,19.54488076923078,0.15397982989789435,19.5556,19.7778,19.1111,0.6666999999999987,-0.8712900049412928,42.09401538461538,2.607243537024081,42.2222,46.1111,37.2222,8.8889,-0.1368736255179535,64.23076923076923,0.9080833577460745,65.0,65,63,2,-0.4971928330831374,1014.1299999999997,0.06099180272791181,1014.13,1014.26,1014.06,0.20000000000004547,0.7563152783693021,5.013726538461537,2.2451087704642596,4.82803,9.65606,0.0,9.65606,0.16149633694721505
Berlin,2016-2017,Qualifying 1 Group 1,Q,20.322200000000002,0.09937924833686336,20.3333,20.4444,20.2222,0.22220000000000084,0.05217462312689675,40.55556,1.6197269624847295,40.0,42.7778,38.8889,3.8888999999999996,0.605292434456763,62.6,1.1401754250991387,63.0,64,61,3,-0.40479600891094286,1014.308,0.05974947698519331,1014.33,1014.36,1014.23,0.12999999999999545,-0.5728868871127184,7.0811139999999995,4.774088613136543,6.43738,14.4841,1.60934,12.87476,0.8848863896882203
Berlin,2016-2017,Qualifying 1 Group 2,Q,20.66668,0.08783226628067911,20.6667,20.7778,20.5556,0.22220000000000084,0.0005692668040355906,48.22222000000001,0.724363918897126,48.3333,48.8889,47.2222,1.6666999999999987,-0.5413810800268485,61.8,0.44721359549995815,62.0,62,61,1,-2.236067977499758,1014.064,0.04722287581250718,1014.06,1014.13,1014.02,0.11000000000001364,0.5327280526638514,5.149901999999999,2.0983276250314207,4.82803,8.04672,3.21869,4.82803,0.5413872570802072
Berlin,2016-2017,Qualifying 1 Group 3,Q,20.822219999999998,0.04647049601629008,20.8333,20.8889,20.7778,0.11110000000000042,0.5144370747416032,48.1111,0.3042598806941207,48.3333,48.3333,47.7778,0.5555000000000021,-0.6085806194501846,60.6,0.5477225575051664,61.0,61,60,1,-0.6085806194501976,1014.0780000000001,0.055407580708815206,1014.09,1014.13,1014.02,0.11000000000001364,-0.26278462983863493,10.2998,2.6929486631943047,9.65606,14.4841,8.04672,6.437379999999999,1.0885173345818064
Berlin,2016-2017,Qualifying 1 Group 4,Q,20.759266666666665,0.028711716539884274,20.7778,20.7778,20.7222,0.05559999999999832,-0.9682458365516687,47.6852,0.5462004943241994,47.7778,48.3333,46.6667,1.6666000000000025,-1.438103321295425,58.833333333333336,0.9831920802501743,58.5,60,58,2,0.4559392524346721,1014.1883333333334,0.052313159593591084,1014.19,1014.26,1014.13,0.12999999999999545,0.09103798759993743,5.6327050000000005,2.8335405764714223,4.828035,9.65606,3.21869,6.43737,0.49467478371114015
Berlin,2016-2017,Race 1,Race,23.52834897959183,0.16862457823328603,23.5556,23.7778,23.2778,0.5,-0.32496878042291355,32.39228979591836,0.74539458712732,32.2222,33.8889,31.1111,2.777799999999999,0.3259062661596595,52.51020408163265,0.9600878644598052,53.0,54,50,4,-0.7664589575870218,1013.7375510204084,0.062300702652790994,1013.72,1013.85,1013.62,0.2300000000000182,0.14456693138765608,6.141783673469389,3.5786607384605107,4.82803,14.4841,1.60934,12.87476,0.7271002942898995
Berlin,2016-2017,Super Pole 1,Q,21.35857272727273,0.10352616182307818,21.3333,21.5,21.2222,0.27779999999999916,0.08716329369250848,48.939400000000006,1.6188453162671228,48.8889,51.1111,46.1111,5.0,-0.46515587738715786,58.90909090909091,0.5393598899705941,59.0,60,58,2,-0.15450413514780872,1014.0472727272726,0.064045438415359,1014.06,1014.13,1013.96,0.16999999999995907,0.0683108759790438,4.242814545454546,2.0700868462910615,4.82803,8.04672,1.60934,6.437380000000001,0.14808122538967797
Zurich,2017-2018,Non Qualifying Practice 1,FP1,21.92248604651163,0.307696396887918,22.0,22.3889,21.3333,1.0555999999999983,-0.42761888201824794,28.63048139534882,1.0662058988268857,28.8889,30.0,26.6667,3.3333000000000013,-0.3101920488460097,74.46511627906976,1.6525425894562518,74.0,77,72,5,-0.002046899482030587,964.7710930232553,0.04592841943796166,964.748,964.85,964.681,0.16899999999998272,0.22781068700158474,1.998503255813954,0.9604194079069756,2.12187,4.24374,0.0,4.24374,0.23811523566128112
Zurich,2017-2018,Non Qualifying Practice 2,FP2,25.310355172413793,0.3059260666825598,25.4444,25.7778,24.7778,1.0,-0.5140511848718979,35.0,0.0,35.0,35.0,35.0,0.0,0.0,63.793103448275865,3.299126619758928,64.0,70,60,10,0.2856727713313028,964.5672758620686,0.03551548611090183,964.579,964.613,964.5110000000001,0.10199999999997544,-0.04057902635860111,2.231619655172414,1.146344635605724,2.12187,5.30467,1.06093,4.24374,1.0589116671641732
Zurich,2017-2018,Qualifying Group 1,Q,28.066699999999997,0.024820354550248905,28.0556,28.1111,28.0556,0.0555000000000021,2.236067977500076,33.8889,0.0,33.8889,33.8889,33.8889,0.0,0.0,50.2,0.8366600265340757,50.0,51,49,2,-0.5122408325719,963.3871999999999,0.04433057635537461,963.3939999999999,963.428,963.326,0.10199999999997544,-0.5413870509384976,2.334056,1.5736202341829493,2.12187,4.24374,0.0,4.24374,-0.5516167563113655
Zurich,2017-2018,Qualifying Group 2,Q,27.87036666666667,0.028711716539883483,27.8889,27.8889,27.8333,0.05559999999999832,-0.9682458365522253,33.7963,0.22682275018172193,33.8889,33.8889,33.3333,0.5555999999999983,-2.4494897427832245,50.666666666666664,0.5163977794943216,51.0,51,50,1,-0.9682458365518337,963.2695,0.04611182061032317,963.275,963.326,963.191,0.1349999999999909,-0.867849198760222,3.536445,1.4495102337513868,3.1828,6.3656,2.12187,4.243729999999999,1.9343762099450128
Zurich,2017-2018,Qualifying Group 3,Q,27.91665,0.030398601941539156,27.91665,27.9444,27.8889,0.0555000000000021,0.0,33.3333,0.0,33.3333,33.3333,33.3333,0.0,0.0,49.666666666666664,0.8164965809277263,49.5,51,49,2,0.8573214099741253,963.2863333333333,0.025594270192111655,963.2919999999999,963.326,963.258,0.06799999999998363,0.3125699596056835,2.4755116666666663,1.857897315778422,2.652335,5.30467,0.0,5.30467,0.24827932703918426
Zurich,2017-2018,Qualifying Group 4,Q,28.166683333333335,0.15314803840293542,28.1389,28.3889,28.0,0.3888999999999996,0.42960031274838295,33.3333,0.0,33.3333,33.3333,33.3333,0.0,0.0,49.666666666666664,1.211060141638995,49.0,52,49,3,1.9517084927240118,963.2863333333333,0.0334285307285405,963.275,963.326,963.258,0.06799999999998363,0.4559392524373035,2.4755116666666663,1.2848571923356567,2.652335,4.24374,1.06093,3.18281,0.0750665796090525
Zurich,2017-2018,Race,Race,27.499989795918385,0.23267422526365292,27.4444,28.0,27.1667,0.8333000000000013,0.7857806132686489,30.88436530612248,0.27585407340281237,31.1111,31.1111,30.5556,0.5555000000000021,-0.38561091055631536,59.6530612244898,1.535021992352813,60.0,62,56,6,-0.6439483357891909,962.1408367346947,0.0655614682754937,962.1410000000001,962.2760000000001,962.039,0.23700000000008004,0.40305380176639,1.948653469387755,1.0685757829925444,2.12187,5.30467,0.0,5.30467,0.5965468097260196
Zurich,2017-2018,Super Pole,Q,29.000006250000002,0.1558304483244509,29.0278,29.1667,28.6667,0.5,-0.7247647457246664,32.777800000000006,0.0,32.7778,32.7778,32.7778,0.0,0.0,47.875,1.2583057392117925,47.5,50,46,4,0.7242104737275938,963.3472500000003,0.027411676344194114,963.36,963.3939999999999,963.2919999999999,0.10199999999997544,-0.02726038123957227,2.983876875,1.040851822017068,3.1828,5.30467,1.06093,4.24374,0.4217122503035987
Berlin2,2016-2017,Non Qualifying Practice 3,FP1,21.25925714285715,0.4219704602670399,21.3889,21.8333,20.2778,1.555500000000002,-0.8899121686518195,36.640202380952374,1.8967329066746514,36.94445,39.4444,33.8889,5.555500000000002,-0.05775318763121717,62.476190476190474,1.2733304753359571,62.0,65,61,4,0.8000813049264941,1014.5019047619046,0.052230170481044995,1014.5,1014.6,1014.4,0.20000000000004547,0.11190168479790867,4.789714047619048,2.4494255832806098,4.82803,11.2654,1.60934,9.65606,1.000824558907864
Berlin2,2016-2017,Non Qualifying Practice 4,FP2,23.899170370370367,0.11326337861141558,23.8889,24.1667,23.6667,0.5,0.024097153474030963,49.50617037037037,1.1252722230693308,49.4444,51.1111,47.7778,3.3333000000000013,-0.07293184800735537,55.888888888888886,0.3202563076101736,56.0,56,55,1,-2.622899159327296,1013.8799999999995,0.05370861555296285,1013.89,1013.99,1013.79,0.20000000000004547,0.13995519941597698,5.364478148148148,2.9269233617966584,4.82803,11.2654,1.60934,9.65606,0.4557272734046023
Berlin2,2016-2017,Qualifying 2 Group 1,Q,25.311100000000003,0.030398601941538667,25.3333,25.3333,25.2778,0.0555000000000021,-0.608580619450652,53.55553999999999,0.30431465294986937,53.3333,53.8889,53.3333,0.5555999999999983,0.6085806194503013,52.8,0.44721359549995815,53.0,53,52,1,-2.236067977499758,1013.0559999999999,0.039115214431243044,1013.04,1013.11,1013.01,0.10000000000002274,0.45783966655426167,5.4717720000000005,1.4394424867183822,6.43738,6.43738,3.21869,3.21869,-1.2577841667596112
Berlin2,2016-2017,Qualifying 2 Group 2,Q,25.64446,0.06332797959827949,25.6667,25.7222,25.5556,0.16660000000000252,-0.4051462591612121,53.66666,0.3043146529498698,53.8889,53.8889,53.3333,0.5555999999999983,-0.6085806194501847,52.0,0.0,52.0,52,52,0,0.0,1012.894,0.021908902300184125,1012.91,1012.91,1012.87,0.03999999999996362,-0.6085806194553736,7.081112,3.3372066508863365,8.04672,9.65606,1.60934,8.04672,-1.4467319508329255
Berlin2,2016-2017,Qualifying 2 Group 3,Q,25.8222,0.09937924833686404,25.8333,25.9444,25.7222,0.22220000000000084,0.052174623127075534,55.22224,0.49694374731955177,55.5556,55.5556,54.4444,1.1111999999999966,-1.2577882373436315,52.6,0.547722557505166,53.0,53,52,1,-0.6085806194501975,1012.7959999999999,0.028809720581795373,1012.8,1012.84,1012.77,0.07000000000005002,0.8740356512803582,5.149912,4.318343671643099,3.21869,12.8748,3.21869,9.65611,2.23606797749979
Berlin2,2016-2017,Qualifying 2 Group 4,Q,25.94441666666667,0.03513291429225108,25.9444,26.0,25.8889,0.11110000000000042,0.0042694987164390045,54.81483333333333,0.836436691368012,55.0,55.5556,53.8889,1.6666999999999987,-0.21484158661937963,52.0,0.0,52.0,52,52,0,0.0,1012.73,0.03949683531623283,1012.72,1012.8,1012.7,0.09999999999990905,1.2853999659138846,4.291585,2.8182674629122766,4.02336,8.04672,0.0,8.04672,-0.24827899939018244
Berlin2,2016-2017,Race 2,Race,28.68334000000001,0.25328738296122677,28.6667,29.0556,28.2222,0.8333999999999975,-0.13929752844776352,32.31110999999998,0.5762411546091684,32.2222,33.3333,31.6667,1.6666000000000025,0.5808292272448816,47.4,0.9476070829586846,47.0,49,46,3,4.571042186189396e-15,1009.6404000000006,0.1311481480413977,1009.62,1009.96,1009.42,0.5400000000000773,0.5654414646648586,6.340815799999999,2.9336275882196827,6.43738,14.4841,1.60934,12.87476,0.6398771756304904
Berlin2,2016-2017,Super Pole 2,Q,26.23076153846154,0.13577023200037702,26.3333,26.3889,26.0,0.3888999999999996,-0.574144985203265,53.80341538461539,0.5483702730913277,53.8889,54.4444,52.7778,1.6666000000000025,-0.8762216863669727,51.92307692307692,0.2773500981126149,52.0,52,51,1,-3.6055512754639487,1012.6130769230768,0.04922475924850233,1012.6,1012.67,1012.5,0.16999999999995907,-0.827989336658789,3.961461538461539,2.140629491749433,3.21869,8.04672,1.60934,6.437380000000001,0.47396536140073875
Marrakesh,2016-2017,Groups Qualifying Session,Q,19.256183333333333,0.18510877960192557,19.2778,19.5556,18.7778,0.7777999999999992,-0.8167591796767814,22.608022222222218,1.027136870865838,22.7778,23.8889,20.5556,3.3333000000000013,-0.26949788246426803,65.13888888888889,0.9607371508460949,65.0,68,64,4,0.9362068352196428,962.1975277777777,0.15258468114664023,962.2460000000001,962.415,961.9069999999999,0.5080000000000382,-0.49560034585210416,5.096256666666666,2.3242153206816765,4.82803,9.65606,0.0,9.65606,-0.24773473695670023
Marrakesh,2016-2017,Non Qualifying Practice 1,FP1,12.140147727272728,0.7656451280376162,12.2222,13.2778,10.8333,2.4444999999999997,-0.21068358883205565,16.666699999999995,0.0,16.6667,16.6667,16.6667,0.0,0.0,84.45454545454545,2.150765633870731,84.5,88,81,7,-0.1258001910315897,964.2104318181816,0.08558754466196838,964.227,964.311,963.9730000000001,0.33799999999996544,-1.2102688965238821,2.5237427272727277,1.7832541782571154,1.60934,6.43738,0.0,6.43738,0.6256470324968115
Marrakesh,2016-2017,Non Qualifying Practice 2,FP2,16.823751724137928,0.28214225720457464,16.9444,17.1111,16.2222,0.8888999999999996,-0.7952879429723788,17.22219999999999,0.0,17.2222,17.2222,17.2222,0.0,0.0,70.72413793103448,0.7510255713802252,71.0,72,70,2,0.5142571653146455,963.3034137931035,0.06496620948142683,963.295,963.3969999999999,963.16,0.23699999999996635,-0.7516628201332112,3.3296762068965515,1.6619966441611593,3.21869,6.43738,0.0,6.43738,0.06311363809326655
Marrakesh,2016-2017,Race,Race,21.771987499999994,0.12301414314985884,21.7778,22.0556,21.5,0.5555999999999983,-0.21832869658316797,26.689829166666655,0.9516683932024692,26.6667,27.7778,25.0,2.777799999999999,-0.22631473096871202,55.020833333333336,0.3254838188175522,55.0,56,54,2,0.443218671375045,960.5909791666669,0.04902951329311644,960.586,960.688,960.451,0.23699999999996635,-0.5233578588210795,4.258056250000002,1.833119733588274,3.21869,9.65606,1.60934,8.04672,0.7499928983560732
Marrakesh,2016-2017,Super Pole Session,Q,20.052483333333335,0.04848121831608419,20.0556,20.1111,19.9444,0.16669999999999874,-0.48412979926758404,25.462988888888887,0.3435313649331168,25.5556,26.1111,25.0,1.1111000000000004,0.09301667639875776,62.166666666666664,0.383482494423684,62.0,63,62,1,1.9557607215608155,961.7057777777778,0.04262359958794843,961.704,961.7710000000001,961.602,0.1690000000000964,-0.5336890184362226,4.559808333333335,2.3581484705571816,4.82803,8.04672,0.0,8.04672,-0.3085101243128689
